tier,division,match_id,label
GRANDMASTERS,GR,NA1_4590033915,1
GRANDMASTERS,GR,NA1_4589986295,1
GRANDMASTERS,GR,NA1_4589957246,1
GRANDMASTERS,GR,NA1_4589759944,1
GRANDMASTERS,GR,NA1_4589715300,1
GRANDMASTERS,GR,NA1_4589696842,0
GRANDMASTERS,GR,NA1_4589659477,0
GRANDMASTERS,GR,NA1_4589631935,1
GRANDMASTERS,GR,NA1_4589601706,1
GRANDMASTERS,GR,NA1_4589597940,0
GRANDMASTERS,GR,NA1_4589590961,1
GRANDMASTERS,GR,NA1_4589568041,0
GRANDMASTERS,GR,NA1_4589332333,1
GRANDMASTERS,GR,NA1_4589301678,1
GRANDMASTERS,GR,NA1_4589274122,0
GRANDMASTERS,GR,NA1_4589247923,1
GRANDMASTERS,GR,NA1_4589204425,1
GRANDMASTERS,GR,NA1_4589166721,0
GRANDMASTERS,GR,NA1_4589121121,1
GRANDMASTERS,GR,NA1_4589074533,0
GRANDMASTERS,GR,NA1_4589043898,1
GRANDMASTERS,GR,NA1_4588991643,0
GRANDMASTERS,GR,NA1_4588960073,0
GRANDMASTERS,GR,NA1_4588934788,1
GRANDMASTERS,GR,NA1_4588899035,0
GRANDMASTERS,GR,NA1_4588875025,1
GRANDMASTERS,GR,NA1_4588839189,1
GRANDMASTERS,GR,NA1_4588823749,0
GRANDMASTERS,GR,NA1_4588789728,0
GRANDMASTERS,GR,NA1_4588776416,1
GRANDMASTERS,GR,NA1_4588756310,0
GRANDMASTERS,GR,NA1_4588745964,1
GRANDMASTERS,GR,NA1_4588733938,1
GRANDMASTERS,GR,NA1_4588719783,1
GRANDMASTERS,GR,NA1_4588699422,0
GRANDMASTERS,GR,NA1_4588352177,1
GRANDMASTERS,GR,NA1_4588317518,1
GRANDMASTERS,GR,NA1_4588266136,0
GRANDMASTERS,GR,NA1_4588221482,0
GRANDMASTERS,GR,NA1_4588179412,0
GRANDMASTERS,GR,NA1_4588157911,0
GRANDMASTERS,GR,NA1_4588123842,1
GRANDMASTERS,GR,NA1_4588089329,1
GRANDMASTERS,GR,NA1_4588060002,0
GRANDMASTERS,GR,NA1_4588038900,0
GRANDMASTERS,GR,NA1_4588002265,0
GRANDMASTERS,GR,NA1_4590024347,1
GRANDMASTERS,GR,NA1_4589141838,1
GRANDMASTERS,GR,NA1_4589105027,1
GRANDMASTERS,GR,NA1_4589068982,0
GRANDMASTERS,GR,NA1_4589024385,0
GRANDMASTERS,GR,NA1_4588992834,0
GRANDMASTERS,GR,NA1_4588963296,0
GRANDMASTERS,GR,NA1_4588938472,1
GRANDMASTERS,GR,NA1_4588231496,1
GRANDMASTERS,GR,NA1_4588201187,0
GRANDMASTERS,GR,NA1_4586763343,0
GRANDMASTERS,GR,NA1_4586751000,0
GRANDMASTERS,GR,NA1_4586729782,0
GRANDMASTERS,GR,NA1_4586701020,1
GRANDMASTERS,GR,NA1_4585852590,0
GRANDMASTERS,GR,NA1_4585829249,0
GRANDMASTERS,GR,NA1_4585819185,1
GRANDMASTERS,GR,NA1_4585782716,0
GRANDMASTERS,GR,NA1_4585748647,0
GRANDMASTERS,GR,NA1_4583772986,0
GRANDMASTERS,GR,NA1_4583070083,1
GRANDMASTERS,GR,NA1_4582800429,0
GRANDMASTERS,GR,NA1_4582788986,0
GRANDMASTERS,GR,NA1_4582760483,0
GRANDMASTERS,GR,NA1_4582053089,1
GRANDMASTERS,GR,NA1_4582016690,0
GRANDMASTERS,GR,NA1_4581991721,0
GRANDMASTERS,GR,NA1_4581982224,1
GRANDMASTERS,GR,NA1_4581958230,1
GRANDMASTERS,GR,NA1_4581924070,0
GRANDMASTERS,GR,NA1_4581750197,1
GRANDMASTERS,GR,NA1_4581727574,0
GRANDMASTERS,GR,NA1_4581724780,1
GRANDMASTERS,GR,NA1_4581349369,0
GRANDMASTERS,GR,NA1_4581302495,0
GRANDMASTERS,GR,NA1_4581256618,1
GRANDMASTERS,GR,NA1_4581215687,0
GRANDMASTERS,GR,NA1_4580991109,1
GRANDMASTERS,GR,NA1_4580953517,0
GRANDMASTERS,GR,NA1_4580948896,1
GRANDMASTERS,GR,NA1_4580925104,1
GRANDMASTERS,GR,NA1_4580243387,0
GRANDMASTERS,GR,NA1_4580185558,1
GRANDMASTERS,GR,NA1_4580156164,1
GRANDMASTERS,GR,NA1_4580120433,1
GRANDMASTERS,GR,NA1_4580083391,0
GRANDMASTERS,GR,NA1_4578351238,1
GRANDMASTERS,GR,NA1_4578325400,0
GRANDMASTERS,GR,NA1_4577894878,1
GRANDMASTERS,GR,NA1_4589921118,1
GRANDMASTERS,GR,NA1_4589284255,1
GRANDMASTERS,GR,NA1_4589245396,0
GRANDMASTERS,GR,NA1_4588501943,1
GRANDMASTERS,GR,NA1_4588483770,0
GRANDMASTERS,GR,NA1_4587644860,1
GRANDMASTERS,GR,NA1_4586789629,1
GRANDMASTERS,GR,NA1_4586783983,1
GRANDMASTERS,GR,NA1_4586761617,0
GRANDMASTERS,GR,NA1_4586723986,0
GRANDMASTERS,GR,NA1_4586609786,1
GRANDMASTERS,GR,NA1_4586566915,0
GRANDMASTERS,GR,NA1_4586522891,1
GRANDMASTERS,GR,NA1_4586476411,0
GRANDMASTERS,GR,NA1_4586416366,0
GRANDMASTERS,GR,NA1_4586378125,0
GRANDMASTERS,GR,NA1_4586336666,0
GRANDMASTERS,GR,NA1_4586212072,1
GRANDMASTERS,GR,NA1_4586182607,1
GRANDMASTERS,GR,NA1_4585897541,1
GRANDMASTERS,GR,NA1_4585883144,1
GRANDMASTERS,GR,NA1_4585864189,1
GRANDMASTERS,GR,NA1_4585840030,1
GRANDMASTERS,GR,NA1_4585824841,0
GRANDMASTERS,GR,NA1_4585780675,0
GRANDMASTERS,GR,NA1_4585727640,1
GRANDMASTERS,GR,NA1_4585652717,0
GRANDMASTERS,GR,NA1_4585450094,0
GRANDMASTERS,GR,NA1_4585411557,0
GRANDMASTERS,GR,NA1_4585362316,1
GRANDMASTERS,GR,NA1_4585335606,1
GRANDMASTERS,GR,NA1_4585028099,1
GRANDMASTERS,GR,NA1_4584988669,0
GRANDMASTERS,GR,NA1_4584968211,1
GRANDMASTERS,GR,NA1_4584902449,1
GRANDMASTERS,GR,NA1_4584743033,1
GRANDMASTERS,GR,NA1_4584484608,1
GRANDMASTERS,GR,NA1_4583860137,0
GRANDMASTERS,GR,NA1_4583828509,0
GRANDMASTERS,GR,NA1_4583792510,1
GRANDMASTERS,GR,NA1_4583762313,0
GRANDMASTERS,GR,NA1_4583531394,0
GRANDMASTERS,GR,NA1_4583526295,0
GRANDMASTERS,GR,NA1_4583513375,0
GRANDMASTERS,GR,NA1_4583512957,1
GRANDMASTERS,GR,NA1_4583500214,1
GRANDMASTERS,GR,NA1_4583486442,0
GRANDMASTERS,GR,NA1_4583482872,1
GRANDMASTERS,GR,NA1_4583459313,0
GRANDMASTERS,GR,NA1_4583443225,0
GRANDMASTERS,GR,NA1_4589867191,0
GRANDMASTERS,GR,NA1_4589524188,0
GRANDMASTERS,GR,NA1_4588112888,0
GRANDMASTERS,GR,NA1_4588079916,0
GRANDMASTERS,GR,NA1_4587173716,0
GRANDMASTERS,GR,NA1_4587145333,0
GRANDMASTERS,GR,NA1_4586961651,0
GRANDMASTERS,GR,NA1_4586931634,1
GRANDMASTERS,GR,NA1_4586914711,1
GRANDMASTERS,GR,NA1_4586102063,0
GRANDMASTERS,GR,NA1_4585440464,0
GRANDMASTERS,GR,NA1_4585301376,0
GRANDMASTERS,GR,NA1_4585286063,1
GRANDMASTERS,GR,NA1_4585195206,0
GRANDMASTERS,GR,NA1_4584566495,1
GRANDMASTERS,GR,NA1_4584544174,1
GRANDMASTERS,GR,NA1_4584519003,1
GRANDMASTERS,GR,NA1_4584457452,0
GRANDMASTERS,GR,NA1_4584433469,1
GRANDMASTERS,GR,NA1_4583038038,0
GRANDMASTERS,GR,NA1_4582466757,0
GRANDMASTERS,GR,NA1_4582432057,1
GRANDMASTERS,GR,NA1_4582137652,0
GRANDMASTERS,GR,NA1_4581977163,0
GRANDMASTERS,GR,NA1_4581941714,1
GRANDMASTERS,GR,NA1_4581913135,1
GRANDMASTERS,GR,NA1_4581463287,1
GRANDMASTERS,GR,NA1_4581437829,1
GRANDMASTERS,GR,NA1_4581392197,0
GRANDMASTERS,GR,NA1_4579999859,1
GRANDMASTERS,GR,NA1_4579968575,0
GRANDMASTERS,GR,NA1_4579929599,0
GRANDMASTERS,GR,NA1_4579844029,0
GRANDMASTERS,GR,NA1_4579825992,0
GRANDMASTERS,GR,NA1_4579337555,0
GRANDMASTERS,GR,NA1_4579312081,0
GRANDMASTERS,GR,NA1_4579277528,0
GRANDMASTERS,GR,NA1_4578570003,1
GRANDMASTERS,GR,NA1_4578529170,0
GRANDMASTERS,GR,NA1_4578478690,0
GRANDMASTERS,GR,NA1_4578460108,1
GRANDMASTERS,GR,NA1_4578423465,1
GRANDMASTERS,GR,NA1_4578398252,1
GRANDMASTERS,GR,NA1_4578192365,1
GRANDMASTERS,GR,NA1_4578184996,0
GRANDMASTERS,GR,NA1_4578160555,1
GRANDMASTERS,GR,NA1_4578153139,0
GRANDMASTERS,GR,NA1_4577732583,0
GRANDMASTERS,GR,NA1_4577668570,1
GRANDMASTERS,GR,NA1_4577642346,0
GRANDMASTERS,GR,NA1_4590009772,1
GRANDMASTERS,GR,NA1_4589957246,1
GRANDMASTERS,GR,NA1_4589921118,1
GRANDMASTERS,GR,NA1_4589658935,1
GRANDMASTERS,GR,NA1_4589579245,1
GRANDMASTERS,GR,NA1_4589524188,0
GRANDMASTERS,GR,NA1_4589509308,0
GRANDMASTERS,GR,NA1_4589491690,1
GRANDMASTERS,GR,NA1_4589377210,0
GRANDMASTERS,GR,NA1_4589366276,1
GRANDMASTERS,GR,NA1_4589072946,1
GRANDMASTERS,GR,NA1_4588942097,1
GRANDMASTERS,GR,NA1_4588912320,1
GRANDMASTERS,GR,NA1_4588706760,0
GRANDMASTERS,GR,NA1_4588490962,0
GRANDMASTERS,GR,NA1_4588438627,1
GRANDMASTERS,GR,NA1_4588407303,0
GRANDMASTERS,GR,NA1_4588367405,1
GRANDMASTERS,GR,NA1_4588204716,1
GRANDMASTERS,GR,NA1_4588179699,1
GRANDMASTERS,GR,NA1_4587337335,1
GRANDMASTERS,GR,NA1_4586646924,0
GRANDMASTERS,GR,NA1_4586199480,0
GRANDMASTERS,GR,NA1_4586173861,1
GRANDMASTERS,GR,NA1_4585775942,0
GRANDMASTERS,GR,NA1_4585744505,1
GRANDMASTERS,GR,NA1_4585670543,1
GRANDMASTERS,GR,NA1_4585028099,1
GRANDMASTERS,GR,NA1_4584426397,0
GRANDMASTERS,GR,NA1_4583609610,1
GRANDMASTERS,GR,NA1_4583599280,1
GRANDMASTERS,GR,NA1_4582115130,0
GRANDMASTERS,GR,NA1_4579560333,1
GRANDMASTERS,GR,NA1_4579047261,0
GRANDMASTERS,GR,NA1_4579030144,1
GRANDMASTERS,GR,NA1_4579003264,1
GRANDMASTERS,GR,NA1_4578642907,1
GRANDMASTERS,GR,NA1_4577032743,0
GRANDMASTERS,GR,NA1_4576967157,1
GRANDMASTERS,GR,NA1_4575402023,0
GRANDMASTERS,GR,NA1_4575358524,0
GRANDMASTERS,GR,NA1_4574164202,0
GRANDMASTERS,GR,NA1_4573891782,1
GRANDMASTERS,GR,NA1_4572990159,1
GRANDMASTERS,GR,NA1_4572910590,1
GRANDMASTERS,GR,NA1_4572875119,1
GRANDMASTERS,GR,NA1_4572853929,1
GRANDMASTERS,GR,NA1_4572840184,1
GRANDMASTERS,GR,NA1_4572603662,1
GRANDMASTERS,GR,NA1_4572549709,0
GRANDMASTERS,GR,NA1_4588815639,0
GRANDMASTERS,GR,NA1_4588810806,1
GRANDMASTERS,GR,NA1_4587869385,1
GRANDMASTERS,GR,NA1_4587853023,0
GRANDMASTERS,GR,NA1_4587118913,1
GRANDMASTERS,GR,NA1_4587085710,0
GRANDMASTERS,GR,NA1_4586987782,0
GRANDMASTERS,GR,NA1_4586952397,1
GRANDMASTERS,GR,NA1_4586935142,1
GRANDMASTERS,GR,NA1_4586916647,1
GRANDMASTERS,GR,NA1_4586183859,1
GRANDMASTERS,GR,NA1_4586160276,0
GRANDMASTERS,GR,NA1_4585377859,0
GRANDMASTERS,GR,NA1_4585341161,0
GRANDMASTERS,GR,NA1_4585324619,1
GRANDMASTERS,GR,NA1_4584681099,0
GRANDMASTERS,GR,NA1_4584576250,0
GRANDMASTERS,GR,NA1_4584551790,1
GRANDMASTERS,GR,NA1_4584520481,1
GRANDMASTERS,GR,NA1_4583936673,0
GRANDMASTERS,GR,NA1_4583895246,1
GRANDMASTERS,GR,NA1_4583858471,1
GRANDMASTERS,GR,NA1_4583836953,1
GRANDMASTERS,GR,NA1_4583806298,1
GRANDMASTERS,GR,NA1_4583779447,1
GRANDMASTERS,GR,NA1_4583752677,1
GRANDMASTERS,GR,NA1_4583743910,0
GRANDMASTERS,GR,NA1_4583728741,0
GRANDMASTERS,GR,NA1_4583696709,0
GRANDMASTERS,GR,NA1_4582762770,1
GRANDMASTERS,GR,NA1_4582734404,0
GRANDMASTERS,GR,NA1_4582711722,1
GRANDMASTERS,GR,NA1_4582703028,1
GRANDMASTERS,GR,NA1_4581763638,1
GRANDMASTERS,GR,NA1_4581747322,1
GRANDMASTERS,GR,NA1_4580955046,0
GRANDMASTERS,GR,NA1_4580930362,0
GRANDMASTERS,GR,NA1_4580830466,0
GRANDMASTERS,GR,NA1_4579988096,1
GRANDMASTERS,GR,NA1_4579958644,1
GRANDMASTERS,GR,NA1_4579190372,1
GRANDMASTERS,GR,NA1_4579124042,0
GRANDMASTERS,GR,NA1_4579100804,0
GRANDMASTERS,GR,NA1_4579075794,1
GRANDMASTERS,GR,NA1_4578283608,1
GRANDMASTERS,GR,NA1_4578269882,0
GRANDMASTERS,GR,NA1_4578237640,1
GRANDMASTERS,GR,NA1_4577527854,1
GRANDMASTERS,GR,NA1_4576722682,1
GRANDMASTERS,GR,NA1_4576709122,1
GRANDMASTERS,GR,NA1_4589818495,0
GRANDMASTERS,GR,NA1_4589798316,1
GRANDMASTERS,GR,NA1_4589488013,1
GRANDMASTERS,GR,NA1_4589477113,1
GRANDMASTERS,GR,NA1_4589468222,0
GRANDMASTERS,GR,NA1_4589465929,0
GRANDMASTERS,GR,NA1_4589424651,1
GRANDMASTERS,GR,NA1_4589422135,1
GRANDMASTERS,GR,NA1_4589416862,1
GRANDMASTERS,GR,NA1_4588706760,0
GRANDMASTERS,GR,NA1_4588693835,0
GRANDMASTERS,GR,NA1_4588567130,1
GRANDMASTERS,GR,NA1_4588530674,1
GRANDMASTERS,GR,NA1_4588509247,0
GRANDMASTERS,GR,NA1_4588477370,0
GRANDMASTERS,GR,NA1_4587928283,1
GRANDMASTERS,GR,NA1_4587916772,1
GRANDMASTERS,GR,NA1_4587887272,1
GRANDMASTERS,GR,NA1_4587849441,0
GRANDMASTERS,GR,NA1_4587835235,0
GRANDMASTERS,GR,NA1_4587807646,1
GRANDMASTERS,GR,NA1_4587799514,1
GRANDMASTERS,GR,NA1_4587773160,1
GRANDMASTERS,GR,NA1_4587709470,1
GRANDMASTERS,GR,NA1_4587696096,0
GRANDMASTERS,GR,NA1_4586919484,1
GRANDMASTERS,GR,NA1_4586884792,0
GRANDMASTERS,GR,NA1_4586867931,1
GRANDMASTERS,GR,NA1_4585965222,0
GRANDMASTERS,GR,NA1_4585940646,0
GRANDMASTERS,GR,NA1_4585908824,1
GRANDMASTERS,GR,NA1_4585874423,0
GRANDMASTERS,GR,NA1_4585847728,0
GRANDMASTERS,GR,NA1_4585822472,1
GRANDMASTERS,GR,NA1_4585066928,1
GRANDMASTERS,GR,NA1_4585042434,1
GRANDMASTERS,GR,NA1_4585027170,1
GRANDMASTERS,GR,NA1_4585000860,1
GRANDMASTERS,GR,NA1_4584968211,1
GRANDMASTERS,GR,NA1_4579725502,1
GRANDMASTERS,GR,NA1_4579718437,1
GRANDMASTERS,GR,NA1_4579694190,1
GRANDMASTERS,GR,NA1_4579664081,0
GRANDMASTERS,GR,NA1_4579615082,1
GRANDMASTERS,GR,NA1_4579534792,1
GRANDMASTERS,GR,NA1_4579497173,0
GRANDMASTERS,GR,NA1_4579439967,0
GRANDMASTERS,GR,NA1_4579396207,1
GRANDMASTERS,GR,NA1_4579197562,0
GRANDMASTERS,GR,NA1_4578627037,1
GRANDMASTERS,GR,NA1_4589104459,0
GRANDMASTERS,GR,NA1_4589001298,1
GRANDMASTERS,GR,NA1_4588959036,0
GRANDMASTERS,GR,NA1_4588918479,1
GRANDMASTERS,GR,NA1_4588880803,0
GRANDMASTERS,GR,NA1_4582907676,0
GRANDMASTERS,GR,NA1_4582064049,0
GRANDMASTERS,GR,NA1_4582023368,0
GRANDMASTERS,GR,NA1_4582001071,1
GRANDMASTERS,GR,NA1_4581171961,1
GRANDMASTERS,GR,NA1_4581131702,1
GRANDMASTERS,GR,NA1_4581096622,0
GRANDMASTERS,GR,NA1_4581084961,0
GRANDMASTERS,GR,NA1_4581049727,1
GRANDMASTERS,GR,NA1_4581024405,1
GRANDMASTERS,GR,NA1_4580079139,0
GRANDMASTERS,GR,NA1_4578473310,0
GRANDMASTERS,GR,NA1_4578417534,0
GRANDMASTERS,GR,NA1_4578388334,1
GRANDMASTERS,GR,NA1_4578360849,0
GRANDMASTERS,GR,NA1_4578342814,1
GRANDMASTERS,GR,NA1_4578322934,0
GRANDMASTERS,GR,NA1_4577750085,1
GRANDMASTERS,GR,NA1_4577713590,0
GRANDMASTERS,GR,NA1_4577678706,1
GRANDMASTERS,GR,NA1_4571502337,1
GRANDMASTERS,GR,NA1_4570652523,0
GRANDMASTERS,GR,NA1_4569737300,1
GRANDMASTERS,GR,NA1_4569714989,0
GRANDMASTERS,GR,NA1_4569691430,1
GRANDMASTERS,GR,NA1_4569659087,0
GRANDMASTERS,GR,NA1_4568806483,1
GRANDMASTERS,GR,NA1_4568779758,0
GRANDMASTERS,GR,NA1_4568726220,1
GRANDMASTERS,GR,NA1_4568706301,1
GRANDMASTERS,GR,NA1_4568670648,0
GRANDMASTERS,GR,NA1_4568636558,1
GRANDMASTERS,GR,NA1_4568604941,1
GRANDMASTERS,GR,NA1_4568561474,0
GRANDMASTERS,GR,NA1_4568538865,1
GRANDMASTERS,GR,NA1_4568508223,1
GRANDMASTERS,GR,NA1_4568486039,1
GRANDMASTERS,GR,NA1_4568457921,1
GRANDMASTERS,GR,NA1_4568435865,0
GRANDMASTERS,GR,NA1_4567735538,1
GRANDMASTERS,GR,NA1_4567694048,0
GRANDMASTERS,GR,NA1_4567659249,1
GRANDMASTERS,GR,NA1_4567506289,1
GRANDMASTERS,GR,NA1_4566917566,0
GRANDMASTERS,GR,NA1_4590008768,1
GRANDMASTERS,GR,NA1_4589945202,1
GRANDMASTERS,GR,NA1_4589905788,0
GRANDMASTERS,GR,NA1_4589179483,0
GRANDMASTERS,GR,NA1_4589120564,0
GRANDMASTERS,GR,NA1_4589094827,1
GRANDMASTERS,GR,NA1_4588508945,1
GRANDMASTERS,GR,NA1_4588406069,1
GRANDMASTERS,GR,NA1_4588368053,0
GRANDMASTERS,GR,NA1_4588000550,0
GRANDMASTERS,GR,NA1_4585620840,0
GRANDMASTERS,GR,NA1_4585243966,0
GRANDMASTERS,GR,NA1_4584837164,1
GRANDMASTERS,GR,NA1_4584794649,0
GRANDMASTERS,GR,NA1_4584044185,0
GRANDMASTERS,GR,NA1_4584008888,0
GRANDMASTERS,GR,NA1_4583652046,0
GRANDMASTERS,GR,NA1_4583633718,0
GRANDMASTERS,GR,NA1_4583259915,1
GRANDMASTERS,GR,NA1_4583204931,1
GRANDMASTERS,GR,NA1_4581826392,1
GRANDMASTERS,GR,NA1_4581796560,0
GRANDMASTERS,GR,NA1_4580353133,0
GRANDMASTERS,GR,NA1_4580299213,1
GRANDMASTERS,GR,NA1_4580237994,1
GRANDMASTERS,GR,NA1_4580187488,0
GRANDMASTERS,GR,NA1_4580156164,1
GRANDMASTERS,GR,NA1_4580102844,1
GRANDMASTERS,GR,NA1_4580079139,0
GRANDMASTERS,GR,NA1_4580051946,0
GRANDMASTERS,GR,NA1_4577759282,1
GRANDMASTERS,GR,NA1_4577733881,0
GRANDMASTERS,GR,NA1_4577695076,1
GRANDMASTERS,GR,NA1_4577670253,1
GRANDMASTERS,GR,NA1_4577650072,1
GRANDMASTERS,GR,NA1_4577625766,1
GRANDMASTERS,GR,NA1_4577475868,1
GRANDMASTERS,GR,NA1_4577212627,1
GRANDMASTERS,GR,NA1_4577197502,1
GRANDMASTERS,GR,NA1_4577176079,1
GRANDMASTERS,GR,NA1_4577140977,1
GRANDMASTERS,GR,NA1_4577098605,1
GRANDMASTERS,GR,NA1_4577046337,1
GRANDMASTERS,GR,NA1_4577015850,1
GRANDMASTERS,GR,NA1_4575916898,0
GRANDMASTERS,GR,NA1_4575887568,1
GRANDMASTERS,GR,NA1_4575862070,1
GRANDMASTERS,GR,NA1_4575521078,0
GRANDMASTERS,GR,NA1_4575453055,1
GRANDMASTERS,GR,NA1_4575424904,1
GRANDMASTERS,GR,NA1_4589754147,0
GRANDMASTERS,GR,NA1_4589727374,1
GRANDMASTERS,GR,NA1_4589705395,0
GRANDMASTERS,GR,NA1_4589687680,1
GRANDMASTERS,GR,NA1_4589658101,1
GRANDMASTERS,GR,NA1_4589632250,1
GRANDMASTERS,GR,NA1_4589616426,1
GRANDMASTERS,GR,NA1_4589605362,1
GRANDMASTERS,GR,NA1_4589594020,0
GRANDMASTERS,GR,NA1_4589575331,1
GRANDMASTERS,GR,NA1_4589563971,0
GRANDMASTERS,GR,NA1_4589539540,1
GRANDMASTERS,GR,NA1_4589532898,0
GRANDMASTERS,GR,NA1_4589509419,1
GRANDMASTERS,GR,NA1_4588906669,1
GRANDMASTERS,GR,NA1_4588894092,1
GRANDMASTERS,GR,NA1_4588861693,0
GRANDMASTERS,GR,NA1_4588848975,0
GRANDMASTERS,GR,NA1_4588826800,0
GRANDMASTERS,GR,NA1_4588801254,0
GRANDMASTERS,GR,NA1_4588792951,1
GRANDMASTERS,GR,NA1_4588765603,0
GRANDMASTERS,GR,NA1_4588753830,0
GRANDMASTERS,GR,NA1_4588737334,0
GRANDMASTERS,GR,NA1_4588716632,1
GRANDMASTERS,GR,NA1_4588714819,0
GRANDMASTERS,GR,NA1_4588707851,0
GRANDMASTERS,GR,NA1_4588687157,1
GRANDMASTERS,GR,NA1_4586152432,1
GRANDMASTERS,GR,NA1_4586142145,0
GRANDMASTERS,GR,NA1_4586119821,0
GRANDMASTERS,GR,NA1_4586100901,1
GRANDMASTERS,GR,NA1_4586084384,1
GRANDMASTERS,GR,NA1_4586071295,0
GRANDMASTERS,GR,NA1_4586065257,1
GRANDMASTERS,GR,NA1_4586046359,1
GRANDMASTERS,GR,NA1_4586033177,0
GRANDMASTERS,GR,NA1_4586020951,0
GRANDMASTERS,GR,NA1_4585999869,0
GRANDMASTERS,GR,NA1_4585976526,0
GRANDMASTERS,GR,NA1_4585975779,0
GRANDMASTERS,GR,NA1_4585959328,1
GRANDMASTERS,GR,NA1_4585421572,0
GRANDMASTERS,GR,NA1_4585384626,0
GRANDMASTERS,GR,NA1_4585377859,0
GRANDMASTERS,GR,NA1_4585341161,0
GRANDMASTERS,GR,NA1_4585324619,1
GRANDMASTERS,GR,NA1_4585301376,0
GRANDMASTERS,GR,NA1_4585283028,0
GRANDMASTERS,GR,NA1_4585265663,1
GRANDMASTERS,GR,NA1_4589986725,1
GRANDMASTERS,GR,NA1_4589868775,0
GRANDMASTERS,GR,NA1_4589174318,1
GRANDMASTERS,GR,NA1_4588448190,1
GRANDMASTERS,GR,NA1_4588413064,1
GRANDMASTERS,GR,NA1_4588380824,0
GRANDMASTERS,GR,NA1_4588329680,1
GRANDMASTERS,GR,NA1_4588291529,1
GRANDMASTERS,GR,NA1_4588251546,0
GRANDMASTERS,GR,NA1_4587706906,1
GRANDMASTERS,GR,NA1_4587683438,1
GRANDMASTERS,GR,NA1_4587665959,1
GRANDMASTERS,GR,NA1_4587631639,1
GRANDMASTERS,GR,NA1_4587360779,0
GRANDMASTERS,GR,NA1_4587307072,0
GRANDMASTERS,GR,NA1_4587190211,1
GRANDMASTERS,GR,NA1_4587165439,1
GRANDMASTERS,GR,NA1_4587120529,1
GRANDMASTERS,GR,NA1_4586762120,1
GRANDMASTERS,GR,NA1_4586740873,1
GRANDMASTERS,GR,NA1_4586702138,1
GRANDMASTERS,GR,NA1_4586688215,1
GRANDMASTERS,GR,NA1_4586667751,0
GRANDMASTERS,GR,NA1_4586653984,0
GRANDMASTERS,GR,NA1_4586433790,0
GRANDMASTERS,GR,NA1_4586231132,1
GRANDMASTERS,GR,NA1_4585365642,0
GRANDMASTERS,GR,NA1_4584457452,0
GRANDMASTERS,GR,NA1_4584447183,1
GRANDMASTERS,GR,NA1_4584066588,0
GRANDMASTERS,GR,NA1_4584043965,0
GRANDMASTERS,GR,NA1_4584008010,1
GRANDMASTERS,GR,NA1_4583947688,0
GRANDMASTERS,GR,NA1_4582977363,0
GRANDMASTERS,GR,NA1_4582928522,0
GRANDMASTERS,GR,NA1_4582001071,1
GRANDMASTERS,GR,NA1_4581969004,1
GRANDMASTERS,GR,NA1_4581465888,0
GRANDMASTERS,GR,NA1_4581415171,1
GRANDMASTERS,GR,NA1_4581375767,1
GRANDMASTERS,GR,NA1_4581001104,1
GRANDMASTERS,GR,NA1_4580665990,1
GRANDMASTERS,GR,NA1_4580650165,0
GRANDMASTERS,GR,NA1_4580632614,0
GRANDMASTERS,GR,NA1_4580631815,0
GRANDMASTERS,GR,NA1_4580614613,1
GRANDMASTERS,GR,NA1_4580604961,1
GRANDMASTERS,GR,NA1_4580575717,0
GRANDMASTERS,GR,NA1_4579646042,1
GRANDMASTERS,GR,NA1_4579142881,1
GRANDMASTERS,GR,NA1_4590011262,0
GRANDMASTERS,GR,NA1_4589955086,1
GRANDMASTERS,GR,NA1_4589886616,1
GRANDMASTERS,GR,NA1_4589769663,0
GRANDMASTERS,GR,NA1_4589733489,1
GRANDMASTERS,GR,NA1_4589683138,0
GRANDMASTERS,GR,NA1_4589659975,0
GRANDMASTERS,GR,NA1_4588046668,0
GRANDMASTERS,GR,NA1_4588031595,0
GRANDMASTERS,GR,NA1_4585610116,0
GRANDMASTERS,GR,NA1_4585555266,0
GRANDMASTERS,GR,NA1_4585486231,1
GRANDMASTERS,GR,NA1_4585460966,0
GRANDMASTERS,GR,NA1_4585375281,1
GRANDMASTERS,GR,NA1_4585331795,1
GRANDMASTERS,GR,NA1_4585299938,1
GRANDMASTERS,GR,NA1_4585287816,1
GRANDMASTERS,GR,NA1_4585265351,0
GRANDMASTERS,GR,NA1_4585244841,1
GRANDMASTERS,GR,NA1_4584719929,1
GRANDMASTERS,GR,NA1_4584648535,1
GRANDMASTERS,GR,NA1_4584464450,1
GRANDMASTERS,GR,NA1_4584420568,1
GRANDMASTERS,GR,NA1_4584417889,0
GRANDMASTERS,GR,NA1_4584393986,0
GRANDMASTERS,GR,NA1_4584370481,0
GRANDMASTERS,GR,NA1_4584061007,0
GRANDMASTERS,GR,NA1_4583991689,0
GRANDMASTERS,GR,NA1_4583971226,1
GRANDMASTERS,GR,NA1_4583685590,1
GRANDMASTERS,GR,NA1_4583678751,0
GRANDMASTERS,GR,NA1_4583639717,1
GRANDMASTERS,GR,NA1_4583586281,1
GRANDMASTERS,GR,NA1_4583575328,0
GRANDMASTERS,GR,NA1_4583555525,0
GRANDMASTERS,GR,NA1_4583155697,1
GRANDMASTERS,GR,NA1_4583123794,0
GRANDMASTERS,GR,NA1_4583080699,1
GRANDMASTERS,GR,NA1_4578381659,1
GRANDMASTERS,GR,NA1_4578209588,0
GRANDMASTERS,GR,NA1_4578141558,0
GRANDMASTERS,GR,NA1_4578128091,1
GRANDMASTERS,GR,NA1_4578095673,0
GRANDMASTERS,GR,NA1_4576870750,0
GRANDMASTERS,GR,NA1_4576793143,0
GRANDMASTERS,GR,NA1_4573376679,0
GRANDMASTERS,GR,NA1_4573334677,1
GRANDMASTERS,GR,NA1_4565858370,0
GRANDMASTERS,GR,NA1_4565820401,1
GRANDMASTERS,GR,NA1_4565649975,0
GRANDMASTERS,GR,NA1_4590069318,1
GRANDMASTERS,GR,NA1_4590024525,1
GRANDMASTERS,GR,NA1_4589986295,1
GRANDMASTERS,GR,NA1_4589930561,0
GRANDMASTERS,GR,NA1_4589897024,1
GRANDMASTERS,GR,NA1_4589870959,0
GRANDMASTERS,GR,NA1_4589832983,1
GRANDMASTERS,GR,NA1_4589784359,1
GRANDMASTERS,GR,NA1_4589332931,1
GRANDMASTERS,GR,NA1_4589303197,0
GRANDMASTERS,GR,NA1_4589261035,1
GRANDMASTERS,GR,NA1_4589231287,1
GRANDMASTERS,GR,NA1_4588959036,0
GRANDMASTERS,GR,NA1_4588922902,0
GRANDMASTERS,GR,NA1_4588902755,1
GRANDMASTERS,GR,NA1_4588464429,1
GRANDMASTERS,GR,NA1_4588448190,1
GRANDMASTERS,GR,NA1_4588394589,1
GRANDMASTERS,GR,NA1_4588214300,0
GRANDMASTERS,GR,NA1_4588187280,1
GRANDMASTERS,GR,NA1_4585728239,1
GRANDMASTERS,GR,NA1_4585691569,1
GRANDMASTERS,GR,NA1_4585662927,1
GRANDMASTERS,GR,NA1_4585447149,0
GRANDMASTERS,GR,NA1_4585410526,1
GRANDMASTERS,GR,NA1_4585056438,0
GRANDMASTERS,GR,NA1_4585039794,0
GRANDMASTERS,GR,NA1_4584909715,1
GRANDMASTERS,GR,NA1_4584885323,1
GRANDMASTERS,GR,NA1_4584816008,0
GRANDMASTERS,GR,NA1_4584776275,0
GRANDMASTERS,GR,NA1_4584748950,0
GRANDMASTERS,GR,NA1_4584134565,1
GRANDMASTERS,GR,NA1_4584130800,0
GRANDMASTERS,GR,NA1_4584089078,0
GRANDMASTERS,GR,NA1_4583843794,1
GRANDMASTERS,GR,NA1_4583818140,1
GRANDMASTERS,GR,NA1_4583788410,0
GRANDMASTERS,GR,NA1_4583365769,1
GRANDMASTERS,GR,NA1_4582984391,1
GRANDMASTERS,GR,NA1_4582696417,1
GRANDMASTERS,GR,NA1_4582685980,1
GRANDMASTERS,GR,NA1_4582466757,0
GRANDMASTERS,GR,NA1_4582424684,1
GRANDMASTERS,GR,NA1_4582396043,1
GRANDMASTERS,GR,NA1_4582278122,0
GRANDMASTERS,GR,NA1_4582233952,1
GRANDMASTERS,GR,NA1_4582188618,0
GRANDMASTERS,GR,NA1_4582143671,0
GRANDMASTERS,GR,NA1_4582109421,1
GRANDMASTERS,GR,NA1_4588071025,0
GRANDMASTERS,GR,NA1_4587730917,0
GRANDMASTERS,GR,NA1_4587710378,0
GRANDMASTERS,GR,NA1_4587629588,1
GRANDMASTERS,GR,NA1_4587591248,1
GRANDMASTERS,GR,NA1_4587547321,0
GRANDMASTERS,GR,NA1_4587506990,1
GRANDMASTERS,GR,NA1_4587455433,1
GRANDMASTERS,GR,NA1_4587402148,1
GRANDMASTERS,GR,NA1_4587333812,1
GRANDMASTERS,GR,NA1_4586825872,0
GRANDMASTERS,GR,NA1_4586820794,1
GRANDMASTERS,GR,NA1_4586806210,1
GRANDMASTERS,GR,NA1_4582042956,0
GRANDMASTERS,GR,NA1_4581627881,0
GRANDMASTERS,GR,NA1_4581609607,1
GRANDMASTERS,GR,NA1_4581603810,1
GRANDMASTERS,GR,NA1_4581570522,1
GRANDMASTERS,GR,NA1_4581536455,0
GRANDMASTERS,GR,NA1_4581506844,1
GRANDMASTERS,GR,NA1_4581475184,0
GRANDMASTERS,GR,NA1_4581439611,1
GRANDMASTERS,GR,NA1_4581419767,1
GRANDMASTERS,GR,NA1_4581375063,1
GRANDMASTERS,GR,NA1_4581240729,0
GRANDMASTERS,GR,NA1_4581189374,0
GRANDMASTERS,GR,NA1_4581117106,0
GRANDMASTERS,GR,NA1_4580697827,1
GRANDMASTERS,GR,NA1_4580665369,0
GRANDMASTERS,GR,NA1_4580344488,1
GRANDMASTERS,GR,NA1_4580303731,0
GRANDMASTERS,GR,NA1_4579921778,1
GRANDMASTERS,GR,NA1_4579720201,0
GRANDMASTERS,GR,NA1_4579188089,0
GRANDMASTERS,GR,NA1_4576001901,0
GRANDMASTERS,GR,NA1_4575955667,1
GRANDMASTERS,GR,NA1_4575894238,1
GRANDMASTERS,GR,NA1_4575569864,0
GRANDMASTERS,GR,NA1_4575522466,1
GRANDMASTERS,GR,NA1_4575505624,0
GRANDMASTERS,GR,NA1_4575385550,1
GRANDMASTERS,GR,NA1_4575344579,0
GRANDMASTERS,GR,NA1_4575305941,1
GRANDMASTERS,GR,NA1_4575256161,1
GRANDMASTERS,GR,NA1_4575200988,1
GRANDMASTERS,GR,NA1_4575163894,0
GRANDMASTERS,GR,NA1_4575067663,0
GRANDMASTERS,GR,NA1_4571070675,1
GRANDMASTERS,GR,NA1_4571069834,0
GRANDMASTERS,GR,NA1_4569107494,1
GRANDMASTERS,GR,NA1_4590143462,1
GRANDMASTERS,GR,NA1_4590130105,0
GRANDMASTERS,GR,NA1_4590107340,1
GRANDMASTERS,GR,NA1_4590080917,0
GRANDMASTERS,GR,NA1_4590049779,1
GRANDMASTERS,GR,NA1_4590019316,1
GRANDMASTERS,GR,NA1_4589627636,1
GRANDMASTERS,GR,NA1_4589616136,1
GRANDMASTERS,GR,NA1_4589587284,1
GRANDMASTERS,GR,NA1_4589562628,0
GRANDMASTERS,GR,NA1_4589558052,1
GRANDMASTERS,GR,NA1_4589399662,1
GRANDMASTERS,GR,NA1_4589389892,1
GRANDMASTERS,GR,NA1_4589360587,1
GRANDMASTERS,GR,NA1_4589332718,0
GRANDMASTERS,GR,NA1_4589322607,0
GRANDMASTERS,GR,NA1_4589304341,1
GRANDMASTERS,GR,NA1_4589280484,0
GRANDMASTERS,GR,NA1_4589245396,0
GRANDMASTERS,GR,NA1_4589200892,1
GRANDMASTERS,GR,NA1_4589149667,1
GRANDMASTERS,GR,NA1_4588779668,0
GRANDMASTERS,GR,NA1_4585258473,0
GRANDMASTERS,GR,NA1_4584735024,0
GRANDMASTERS,GR,NA1_4584671812,0
GRANDMASTERS,GR,NA1_4583767799,1
GRANDMASTERS,GR,NA1_4583727415,0
GRANDMASTERS,GR,NA1_4583703599,0
GRANDMASTERS,GR,NA1_4583694956,1
GRANDMASTERS,GR,NA1_4583680244,0
GRANDMASTERS,GR,NA1_4583487147,1
GRANDMASTERS,GR,NA1_4583474145,0
GRANDMASTERS,GR,NA1_4583461231,0
GRANDMASTERS,GR,NA1_4583451790,1
GRANDMASTERS,GR,NA1_4583426991,0
GRANDMASTERS,GR,NA1_4583391277,1
GRANDMASTERS,GR,NA1_4583360966,1
GRANDMASTERS,GR,NA1_4583333858,0
GRANDMASTERS,GR,NA1_4583302814,1
GRANDMASTERS,GR,NA1_4582964741,1
GRANDMASTERS,GR,NA1_4582919391,0
GRANDMASTERS,GR,NA1_4582886009,1
GRANDMASTERS,GR,NA1_4582860127,0
GRANDMASTERS,GR,NA1_4582833205,1
GRANDMASTERS,GR,NA1_4582821742,0
GRANDMASTERS,GR,NA1_4582598869,1
GRANDMASTERS,GR,NA1_4582586175,0
GRANDMASTERS,GR,NA1_4582570160,1
GRANDMASTERS,GR,NA1_4582564097,1
GRANDMASTERS,GR,NA1_4582541409,1
GRANDMASTERS,GR,NA1_4590067687,0
GRANDMASTERS,GR,NA1_4589912644,1
GRANDMASTERS,GR,NA1_4589891870,0
GRANDMASTERS,GR,NA1_4589778815,1
GRANDMASTERS,GR,NA1_4589746243,0
GRANDMASTERS,GR,NA1_4589716395,1
GRANDMASTERS,GR,NA1_4589285001,0
GRANDMASTERS,GR,NA1_4589133899,1
GRANDMASTERS,GR,NA1_4589100371,0
GRANDMASTERS,GR,NA1_4589056659,0
GRANDMASTERS,GR,NA1_4589024385,0
GRANDMASTERS,GR,NA1_4588996339,1
GRANDMASTERS,GR,NA1_4588192064,1
GRANDMASTERS,GR,NA1_4588138833,1
GRANDMASTERS,GR,NA1_4588113217,0
GRANDMASTERS,GR,NA1_4588085301,1
GRANDMASTERS,GR,NA1_4588064127,0
GRANDMASTERS,GR,NA1_4588026451,1
GRANDMASTERS,GR,NA1_4588001220,0
GRANDMASTERS,GR,NA1_4587920210,0
GRANDMASTERS,GR,NA1_4587559917,1
GRANDMASTERS,GR,NA1_4587507557,0
GRANDMASTERS,GR,NA1_4587480128,1
GRANDMASTERS,GR,NA1_4587295662,0
GRANDMASTERS,GR,NA1_4587270845,0
GRANDMASTERS,GR,NA1_4587228153,0
GRANDMASTERS,GR,NA1_4587180162,0
GRANDMASTERS,GR,NA1_4587120529,1
GRANDMASTERS,GR,NA1_4587101624,0
GRANDMASTERS,GR,NA1_4586412790,0
GRANDMASTERS,GR,NA1_4586377004,0
GRANDMASTERS,GR,NA1_4586354276,0
GRANDMASTERS,GR,NA1_4586309333,1
GRANDMASTERS,GR,NA1_4586275402,0
GRANDMASTERS,GR,NA1_4586242518,0
GRANDMASTERS,GR,NA1_4586213725,1
GRANDMASTERS,GR,NA1_4585600892,1
GRANDMASTERS,GR,NA1_4585547631,0
GRANDMASTERS,GR,NA1_4585512161,1
GRANDMASTERS,GR,NA1_4585466482,0
GRANDMASTERS,GR,NA1_4585450094,0
GRANDMASTERS,GR,NA1_4585411557,0
GRANDMASTERS,GR,NA1_4585382553,0
GRANDMASTERS,GR,NA1_4585362316,1
GRANDMASTERS,GR,NA1_4584954712,1
GRANDMASTERS,GR,NA1_4584794649,0
GRANDMASTERS,GR,NA1_4584699613,0
GRANDMASTERS,GR,NA1_4584663442,0
GRANDMASTERS,GR,NA1_4584637072,0
GRANDMASTERS,GR,NA1_4590143462,1
GRANDMASTERS,GR,NA1_4590118069,0
GRANDMASTERS,GR,NA1_4590073050,0
GRANDMASTERS,GR,NA1_4590030594,1
GRANDMASTERS,GR,NA1_4590008768,1
GRANDMASTERS,GR,NA1_4589280484,0
GRANDMASTERS,GR,NA1_4588836659,1
GRANDMASTERS,GR,NA1_4588809495,1
GRANDMASTERS,GR,NA1_4588614652,1
GRANDMASTERS,GR,NA1_4588601244,1
GRANDMASTERS,GR,NA1_4588587144,0
GRANDMASTERS,GR,NA1_4588566728,0
GRANDMASTERS,GR,NA1_4588546042,1
GRANDMASTERS,GR,NA1_4588527929,1
GRANDMASTERS,GR,NA1_4588501036,0
GRANDMASTERS,GR,NA1_4588464429,1
GRANDMASTERS,GR,NA1_4588436324,1
GRANDMASTERS,GR,NA1_4587601779,0
GRANDMASTERS,GR,NA1_4587548795,0
GRANDMASTERS,GR,NA1_4587468278,1
GRANDMASTERS,GR,NA1_4587400208,0
GRANDMASTERS,GR,NA1_4587349795,0
GRANDMASTERS,GR,NA1_4587309238,0
GRANDMASTERS,GR,NA1_4586794263,1
GRANDMASTERS,GR,NA1_4586789756,1
GRANDMASTERS,GR,NA1_4586764284,1
GRANDMASTERS,GR,NA1_4586750038,1
GRANDMASTERS,GR,NA1_4586722530,0
GRANDMASTERS,GR,NA1_4586701020,1
GRANDMASTERS,GR,NA1_4586664530,0
GRANDMASTERS,GR,NA1_4586618402,1
GRANDMASTERS,GR,NA1_4586563278,1
GRANDMASTERS,GR,NA1_4586518281,1
GRANDMASTERS,GR,NA1_4586476411,0
GRANDMASTERS,GR,NA1_4586447392,1
GRANDMASTERS,GR,NA1_4586412790,0
GRANDMASTERS,GR,NA1_4586373198,1
GRANDMASTERS,GR,NA1_4584300852,0
GRANDMASTERS,GR,NA1_4584290077,1
GRANDMASTERS,GR,NA1_4584280902,1
GRANDMASTERS,GR,NA1_4584258685,0
GRANDMASTERS,GR,NA1_4584240938,0
GRANDMASTERS,GR,NA1_4584216894,1
GRANDMASTERS,GR,NA1_4584194352,0
GRANDMASTERS,GR,NA1_4584152430,0
GRANDMASTERS,GR,NA1_4583504285,1
GRANDMASTERS,GR,NA1_4583491311,1
GRANDMASTERS,GR,NA1_4583475582,1
GRANDMASTERS,GR,NA1_4583461704,0
GRANDMASTERS,GR,NA1_4583447697,1
GRANDMASTERS,GR,NA1_4589893571,1
GRANDMASTERS,GR,NA1_4589734172,0
GRANDMASTERS,GR,NA1_4589706654,1
GRANDMASTERS,GR,NA1_4589687663,1
GRANDMASTERS,GR,NA1_4589665117,0
GRANDMASTERS,GR,NA1_4589235947,0
GRANDMASTERS,GR,NA1_4589177189,1
GRANDMASTERS,GR,NA1_4589139383,0
GRANDMASTERS,GR,NA1_4589115423,1
GRANDMASTERS,GR,NA1_4588910235,0
GRANDMASTERS,GR,NA1_4588894092,1
GRANDMASTERS,GR,NA1_4588870162,1
GRANDMASTERS,GR,NA1_4588861869,1
GRANDMASTERS,GR,NA1_4588804093,0
GRANDMASTERS,GR,NA1_4588645961,0
GRANDMASTERS,GR,NA1_4588629622,0
GRANDMASTERS,GR,NA1_4588603903,0
GRANDMASTERS,GR,NA1_4588575430,0
GRANDMASTERS,GR,NA1_4588564969,1
GRANDMASTERS,GR,NA1_4588531277,1
GRANDMASTERS,GR,NA1_4588507409,1
GRANDMASTERS,GR,NA1_4588256585,1
GRANDMASTERS,GR,NA1_4588157911,0
GRANDMASTERS,GR,NA1_4588027774,0
GRANDMASTERS,GR,NA1_4587990947,1
GRANDMASTERS,GR,NA1_4587950200,1
GRANDMASTERS,GR,NA1_4587924578,0
GRANDMASTERS,GR,NA1_4587617209,0
GRANDMASTERS,GR,NA1_4587582904,1
GRANDMASTERS,GR,NA1_4587540190,0
GRANDMASTERS,GR,NA1_4587491666,1
GRANDMASTERS,GR,NA1_4587355181,1
GRANDMASTERS,GR,NA1_4587318256,1
GRANDMASTERS,GR,NA1_4587287050,0
GRANDMASTERS,GR,NA1_4587196571,1
GRANDMASTERS,GR,NA1_4587160556,1
GRANDMASTERS,GR,NA1_4586950119,0
GRANDMASTERS,GR,NA1_4586450812,1
GRANDMASTERS,GR,NA1_4586407946,1
GRANDMASTERS,GR,NA1_4586349631,1
GRANDMASTERS,GR,NA1_4586312703,1
GRANDMASTERS,GR,NA1_4586289026,1
GRANDMASTERS,GR,NA1_4586249601,1
GRANDMASTERS,GR,NA1_4586226505,0
GRANDMASTERS,GR,NA1_4586201589,0
GRANDMASTERS,GR,NA1_4586187961,1
GRANDMASTERS,GR,NA1_4586160724,1
GRANDMASTERS,GR,NA1_4586099588,1
GRANDMASTERS,GR,NA1_4586039839,0
GRANDMASTERS,GR,NA1_4589587945,1
GRANDMASTERS,GR,NA1_4589559666,1
GRANDMASTERS,GR,NA1_4589552973,0
GRANDMASTERS,GR,NA1_4589538107,0
GRANDMASTERS,GR,NA1_4589527865,1
GRANDMASTERS,GR,NA1_4588808454,1
GRANDMASTERS,GR,NA1_4588757562,1
GRANDMASTERS,GR,NA1_4588741234,1
GRANDMASTERS,GR,NA1_4588732062,1
GRANDMASTERS,GR,NA1_4588344538,0
GRANDMASTERS,GR,NA1_4588294118,0
GRANDMASTERS,GR,NA1_4588261829,1
GRANDMASTERS,GR,NA1_4588223025,0
GRANDMASTERS,GR,NA1_4588193130,1
GRANDMASTERS,GR,NA1_4587327539,0
GRANDMASTERS,GR,NA1_4587290767,1
GRANDMASTERS,GR,NA1_4587248093,0
GRANDMASTERS,GR,NA1_4587219947,0
GRANDMASTERS,GR,NA1_4587183536,1
GRANDMASTERS,GR,NA1_4586305898,0
GRANDMASTERS,GR,NA1_4586271253,0
GRANDMASTERS,GR,NA1_4586055065,1
GRANDMASTERS,GR,NA1_4586027204,1
GRANDMASTERS,GR,NA1_4585246113,0
GRANDMASTERS,GR,NA1_4585228969,1
GRANDMASTERS,GR,NA1_4584616217,1
GRANDMASTERS,GR,NA1_4584204182,0
GRANDMASTERS,GR,NA1_4583925957,0
GRANDMASTERS,GR,NA1_4583896840,1
GRANDMASTERS,GR,NA1_4583870019,1
GRANDMASTERS,GR,NA1_4583769038,0
GRANDMASTERS,GR,NA1_4583740977,0
GRANDMASTERS,GR,NA1_4583723073,1
GRANDMASTERS,GR,NA1_4583696709,0
GRANDMASTERS,GR,NA1_4583289947,0
GRANDMASTERS,GR,NA1_4583253996,1
GRANDMASTERS,GR,NA1_4583200900,0
GRANDMASTERS,GR,NA1_4583155303,0
GRANDMASTERS,GR,NA1_4583110532,1
GRANDMASTERS,GR,NA1_4582427520,0
GRANDMASTERS,GR,NA1_4582382590,0
GRANDMASTERS,GR,NA1_4582346671,1
GRANDMASTERS,GR,NA1_4582289123,0
GRANDMASTERS,GR,NA1_4582247581,0
GRANDMASTERS,GR,NA1_4582208368,0
GRANDMASTERS,GR,NA1_4582174857,1
GRANDMASTERS,GR,NA1_4582135406,0
GRANDMASTERS,GR,NA1_4581468146,1
GRANDMASTERS,GR,NA1_4581358893,0
GRANDMASTERS,GR,NA1_4581305483,1
GRANDMASTERS,GR,NA1_4590123514,0
GRANDMASTERS,GR,NA1_4590109937,0
GRANDMASTERS,GR,NA1_4590071525,1
GRANDMASTERS,GR,NA1_4589866905,1
GRANDMASTERS,GR,NA1_4589812837,1
GRANDMASTERS,GR,NA1_4589366313,1
GRANDMASTERS,GR,NA1_4589353216,0
GRANDMASTERS,GR,NA1_4589328249,0
GRANDMASTERS,GR,NA1_4589280659,0
GRANDMASTERS,GR,NA1_4589255485,0
GRANDMASTERS,GR,NA1_4589192731,0
GRANDMASTERS,GR,NA1_4589147624,0
GRANDMASTERS,GR,NA1_4589086370,1
GRANDMASTERS,GR,NA1_4589018941,1
GRANDMASTERS,GR,NA1_4588968078,1
GRANDMASTERS,GR,NA1_4588460400,0
GRANDMASTERS,GR,NA1_4588430750,0
GRANDMASTERS,GR,NA1_4588361976,1
GRANDMASTERS,GR,NA1_4588320960,1
GRANDMASTERS,GR,NA1_4588270592,0
GRANDMASTERS,GR,NA1_4588208189,0
GRANDMASTERS,GR,NA1_4588188991,1
GRANDMASTERS,GR,NA1_4588159797,0
GRANDMASTERS,GR,NA1_4588046942,1
GRANDMASTERS,GR,NA1_4588013249,0
GRANDMASTERS,GR,NA1_4587990947,1
GRANDMASTERS,GR,NA1_4587690747,1
GRANDMASTERS,GR,NA1_4587673340,0
GRANDMASTERS,GR,NA1_4587653436,0
GRANDMASTERS,GR,NA1_4587625840,0
GRANDMASTERS,GR,NA1_4587591172,0
GRANDMASTERS,GR,NA1_4587568400,1
GRANDMASTERS,GR,NA1_4587534493,1
GRANDMASTERS,GR,NA1_4587480933,1
GRANDMASTERS,GR,NA1_4587436214,0
GRANDMASTERS,GR,NA1_4587295135,0
GRANDMASTERS,GR,NA1_4587254643,1
GRANDMASTERS,GR,NA1_4587222788,1
GRANDMASTERS,GR,NA1_4586779356,1
GRANDMASTERS,GR,NA1_4586755301,1
GRANDMASTERS,GR,NA1_4585883621,1
GRANDMASTERS,GR,NA1_4585782716,0
GRANDMASTERS,GR,NA1_4585742177,1
GRANDMASTERS,GR,NA1_4585678303,1
GRANDMASTERS,GR,NA1_4585497757,0
GRANDMASTERS,GR,NA1_4585405305,0
GRANDMASTERS,GR,NA1_4585376735,0
GRANDMASTERS,GR,NA1_4585342084,1
GRANDMASTERS,GR,NA1_4585078189,0
GRANDMASTERS,GR,NA1_4585061878,1
GRANDMASTERS,GR,NA1_4589787026,0
GRANDMASTERS,GR,NA1_4589749313,0
GRANDMASTERS,GR,NA1_4589717116,0
GRANDMASTERS,GR,NA1_4589688324,1
GRANDMASTERS,GR,NA1_4589652651,1
GRANDMASTERS,GR,NA1_4589364606,0
GRANDMASTERS,GR,NA1_4589345086,0
GRANDMASTERS,GR,NA1_4589313683,0
GRANDMASTERS,GR,NA1_4589276484,1
GRANDMASTERS,GR,NA1_4589248774,1
GRANDMASTERS,GR,NA1_4589166721,0
GRANDMASTERS,GR,NA1_4589033206,1
GRANDMASTERS,GR,NA1_4588994090,0
GRANDMASTERS,GR,NA1_4588951730,0
GRANDMASTERS,GR,NA1_4588585003,1
GRANDMASTERS,GR,NA1_4588562133,1
GRANDMASTERS,GR,NA1_4588553910,0
GRANDMASTERS,GR,NA1_4588524179,1
GRANDMASTERS,GR,NA1_4588501036,0
GRANDMASTERS,GR,NA1_4588344387,1
GRANDMASTERS,GR,NA1_4588307107,1
GRANDMASTERS,GR,NA1_4588269095,0
GRANDMASTERS,GR,NA1_4588234179,0
GRANDMASTERS,GR,NA1_4588199253,1
GRANDMASTERS,GR,NA1_4588168290,1
GRANDMASTERS,GR,NA1_4588134668,0
GRANDMASTERS,GR,NA1_4587122015,0
GRANDMASTERS,GR,NA1_4587099805,1
GRANDMASTERS,GR,NA1_4586302011,1
GRANDMASTERS,GR,NA1_4586271219,0
GRANDMASTERS,GR,NA1_4586238089,0
GRANDMASTERS,GR,NA1_4586211545,1
GRANDMASTERS,GR,NA1_4585290650,0
GRANDMASTERS,GR,NA1_4585109781,0
GRANDMASTERS,GR,NA1_4585074394,1
GRANDMASTERS,GR,NA1_4585060864,1
GRANDMASTERS,GR,NA1_4585027943,0
GRANDMASTERS,GR,NA1_4584547719,1
GRANDMASTERS,GR,NA1_4584516634,1
GRANDMASTERS,GR,NA1_4583809883,0
GRANDMASTERS,GR,NA1_4583784397,1
GRANDMASTERS,GR,NA1_4582914605,1
GRANDMASTERS,GR,NA1_4582896042,1
GRANDMASTERS,GR,NA1_4582590015,0
GRANDMASTERS,GR,NA1_4582572233,1
GRANDMASTERS,GR,NA1_4582564849,0
GRANDMASTERS,GR,NA1_4582541409,1
GRANDMASTERS,GR,NA1_4582537833,1
GRANDMASTERS,GR,NA1_4582511534,1
GRANDMASTERS,GR,NA1_4582480527,1
GRANDMASTERS,GR,NA1_4590069100,1
GRANDMASTERS,GR,NA1_4589347073,1
GRANDMASTERS,GR,NA1_4589323098,1
GRANDMASTERS,GR,NA1_4589310805,1
GRANDMASTERS,GR,NA1_4589276231,1
GRANDMASTERS,GR,NA1_4588506083,1
GRANDMASTERS,GR,NA1_4588475251,1
GRANDMASTERS,GR,NA1_4588449147,0
GRANDMASTERS,GR,NA1_4588424958,1
GRANDMASTERS,GR,NA1_4588367780,1
GRANDMASTERS,GR,NA1_4588320960,1
GRANDMASTERS,GR,NA1_4588282608,1
GRANDMASTERS,GR,NA1_4588247716,0
GRANDMASTERS,GR,NA1_4588212977,1
GRANDMASTERS,GR,NA1_4588166515,0
GRANDMASTERS,GR,NA1_4586651993,0
GRANDMASTERS,GR,NA1_4586609568,0
GRANDMASTERS,GR,NA1_4586583448,0
GRANDMASTERS,GR,NA1_4585896275,1
GRANDMASTERS,GR,NA1_4585893801,1
GRANDMASTERS,GR,NA1_4585866567,0
GRANDMASTERS,GR,NA1_4585811449,1
GRANDMASTERS,GR,NA1_4585787459,1
GRANDMASTERS,GR,NA1_4585762035,0
GRANDMASTERS,GR,NA1_4585710671,0
GRANDMASTERS,GR,NA1_4585684161,1
GRANDMASTERS,GR,NA1_4584186283,1
GRANDMASTERS,GR,NA1_4583470354,0
GRANDMASTERS,GR,NA1_4583450618,1
GRANDMASTERS,GR,NA1_4583431579,1
GRANDMASTERS,GR,NA1_4583409439,1
GRANDMASTERS,GR,NA1_4583291405,1
GRANDMASTERS,GR,NA1_4582364354,1
GRANDMASTERS,GR,NA1_4582335935,0
GRANDMASTERS,GR,NA1_4582307146,1
GRANDMASTERS,GR,NA1_4582263116,1
GRANDMASTERS,GR,NA1_4582203591,0
GRANDMASTERS,GR,NA1_4582171275,0
GRANDMASTERS,GR,NA1_4582118078,0
GRANDMASTERS,GR,NA1_4582097027,0
GRANDMASTERS,GR,NA1_4581267851,1
GRANDMASTERS,GR,NA1_4580445522,1
GRANDMASTERS,GR,NA1_4580409741,1
GRANDMASTERS,GR,NA1_4580370937,1
GRANDMASTERS,GR,NA1_4579635924,0
GRANDMASTERS,GR,NA1_4579617757,1
GRANDMASTERS,GR,NA1_4579582906,1
GRANDMASTERS,GR,NA1_4579558765,0
GRANDMASTERS,GR,NA1_4578696106,1
GRANDMASTERS,GR,NA1_4578659799,1
GRANDMASTERS,GR,NA1_4589746243,0
GRANDMASTERS,GR,NA1_4588984324,1
GRANDMASTERS,GR,NA1_4587312804,1
GRANDMASTERS,GR,NA1_4587275328,0
GRANDMASTERS,GR,NA1_4587235092,1
GRANDMASTERS,GR,NA1_4587206988,1
GRANDMASTERS,GR,NA1_4586224389,0
GRANDMASTERS,GR,NA1_4586167104,1
GRANDMASTERS,GR,NA1_4586142930,0
GRANDMASTERS,GR,NA1_4586118908,1
GRANDMASTERS,GR,NA1_4586078150,0
GRANDMASTERS,GR,NA1_4586062986,0
GRANDMASTERS,GR,NA1_4586033177,0
GRANDMASTERS,GR,NA1_4585501101,1
GRANDMASTERS,GR,NA1_4585460457,1
GRANDMASTERS,GR,NA1_4585435410,1
GRANDMASTERS,GR,NA1_4585400254,0
GRANDMASTERS,GR,NA1_4585341161,0
GRANDMASTERS,GR,NA1_4585320117,1
GRANDMASTERS,GR,NA1_4578468131,1
GRANDMASTERS,GR,NA1_4578430337,1
GRANDMASTERS,GR,NA1_4578402319,0
GRANDMASTERS,GR,NA1_4578366926,0
GRANDMASTERS,GR,NA1_4578339115,0
GRANDMASTERS,GR,NA1_4578320882,1
GRANDMASTERS,GR,NA1_4578284585,0
GRANDMASTERS,GR,NA1_4578261858,0
GRANDMASTERS,GR,NA1_4578236399,0
GRANDMASTERS,GR,NA1_4578214497,1
GRANDMASTERS,GR,NA1_4578181631,1
GRANDMASTERS,GR,NA1_4575952685,0
GRANDMASTERS,GR,NA1_4575384013,0
GRANDMASTERS,GR,NA1_4575342546,0
GRANDMASTERS,GR,NA1_4574369948,1
GRANDMASTERS,GR,NA1_4574210633,1
GRANDMASTERS,GR,NA1_4574184307,0
GRANDMASTERS,GR,NA1_4574138778,1
GRANDMASTERS,GR,NA1_4574102071,0
GRANDMASTERS,GR,NA1_4573467754,1
GRANDMASTERS,GR,NA1_4573396581,1
GRANDMASTERS,GR,NA1_4571721396,0
GRANDMASTERS,GR,NA1_4571716763,0
GRANDMASTERS,GR,NA1_4571669620,0
GRANDMASTERS,GR,NA1_4571634914,1
GRANDMASTERS,GR,NA1_4571587891,0
GRANDMASTERS,GR,NA1_4571532318,1
GRANDMASTERS,GR,NA1_4571498008,1
GRANDMASTERS,GR,NA1_4571459936,1
GRANDMASTERS,GR,NA1_4571434214,1
GRANDMASTERS,GR,NA1_4571405392,0
GRANDMASTERS,GR,NA1_4586130210,0
GRANDMASTERS,GR,NA1_4585857737,1
GRANDMASTERS,GR,NA1_4581046066,0
GRANDMASTERS,GR,NA1_4580013128,1
GRANDMASTERS,GR,NA1_4579973715,0
GRANDMASTERS,GR,NA1_4579963910,1
GRANDMASTERS,GR,NA1_4579951758,0
GRANDMASTERS,GR,NA1_4579928336,1
GRANDMASTERS,GR,NA1_4578419814,1
GRANDMASTERS,GR,NA1_4578384194,1
GRANDMASTERS,GR,NA1_4578356780,0
GRANDMASTERS,GR,NA1_4578322565,1
GRANDMASTERS,GR,NA1_4578290686,0
GRANDMASTERS,GR,NA1_4578272249,0
GRANDMASTERS,GR,NA1_4578257180,0
GRANDMASTERS,GR,NA1_4578227469,1
GRANDMASTERS,GR,NA1_4576035985,1
GRANDMASTERS,GR,NA1_4576019873,1
GRANDMASTERS,GR,NA1_4575984110,0
GRANDMASTERS,GR,NA1_4575952569,0
GRANDMASTERS,GR,NA1_4575924430,0
GRANDMASTERS,GR,NA1_4575892477,1
GRANDMASTERS,GR,NA1_4575873474,0
GRANDMASTERS,GR,NA1_4575846497,0
GRANDMASTERS,GR,NA1_4572213809,0
GRANDMASTERS,GR,NA1_4572116571,1
GRANDMASTERS,GR,NA1_4572094808,0
GRANDMASTERS,GR,NA1_4572064826,1
GRANDMASTERS,GR,NA1_4572041759,0
GRANDMASTERS,GR,NA1_4571367314,0
GRANDMASTERS,GR,NA1_4571346551,1
GRANDMASTERS,GR,NA1_4571328122,1
GRANDMASTERS,GR,NA1_4571311912,1
GRANDMASTERS,GR,NA1_4571290957,1
GRANDMASTERS,GR,NA1_4571267188,1
GRANDMASTERS,GR,NA1_4571243594,1
GRANDMASTERS,GR,NA1_4571235825,0
GRANDMASTERS,GR,NA1_4569661599,1
GRANDMASTERS,GR,NA1_4569647912,1
GRANDMASTERS,GR,NA1_4569609928,1
GRANDMASTERS,GR,NA1_4569569306,1
GRANDMASTERS,GR,NA1_4569533072,0
GRANDMASTERS,GR,NA1_4569496178,1
GRANDMASTERS,GR,NA1_4567583393,0
GRANDMASTERS,GR,NA1_4567568152,0
GRANDMASTERS,GR,NA1_4567543255,1
GRANDMASTERS,GR,NA1_4567519848,0
GRANDMASTERS,GR,NA1_4567492173,0
GRANDMASTERS,GR,NA1_4567458726,1
GRANDMASTERS,GR,NA1_4567453892,0
GRANDMASTERS,GR,NA1_4590091384,1
GRANDMASTERS,GR,NA1_4590065554,1
GRANDMASTERS,GR,NA1_4590024525,1
GRANDMASTERS,GR,NA1_4589982633,0
GRANDMASTERS,GR,NA1_4589945609,1
GRANDMASTERS,GR,NA1_4589917635,1
GRANDMASTERS,GR,NA1_4589897024,1
GRANDMASTERS,GR,NA1_4589850199,1
GRANDMASTERS,GR,NA1_4589815508,0
GRANDMASTERS,GR,NA1_4589796842,0
GRANDMASTERS,GR,NA1_4589765361,1
GRANDMASTERS,GR,NA1_4589742117,1
GRANDMASTERS,GR,NA1_4589721765,1
GRANDMASTERS,GR,NA1_4589688430,0
GRANDMASTERS,GR,NA1_4589670515,0
GRANDMASTERS,GR,NA1_4589650224,0
GRANDMASTERS,GR,NA1_4589617734,1
GRANDMASTERS,GR,NA1_4589613242,1
GRANDMASTERS,GR,NA1_4589593128,1
GRANDMASTERS,GR,NA1_4589570467,1
GRANDMASTERS,GR,NA1_4589563069,0
GRANDMASTERS,GR,NA1_4589541747,1
GRANDMASTERS,GR,NA1_4589517605,0
GRANDMASTERS,GR,NA1_4589507683,0
GRANDMASTERS,GR,NA1_4589498074,1
GRANDMASTERS,GR,NA1_4589447837,1
GRANDMASTERS,GR,NA1_4589439871,1
GRANDMASTERS,GR,NA1_4589428852,0
GRANDMASTERS,GR,NA1_4582444139,0
GRANDMASTERS,GR,NA1_4582415013,1
GRANDMASTERS,GR,NA1_4582374485,0
GRANDMASTERS,GR,NA1_4582337325,0
GRANDMASTERS,GR,NA1_4582301147,0
GRANDMASTERS,GR,NA1_4581743836,0
GRANDMASTERS,GR,NA1_4581714458,1
GRANDMASTERS,GR,NA1_4581707013,1
GRANDMASTERS,GR,NA1_4581688550,0
GRANDMASTERS,GR,NA1_4581672628,0
GRANDMASTERS,GR,NA1_4581671968,1
GRANDMASTERS,GR,NA1_4581662841,1
GRANDMASTERS,GR,NA1_4581640589,1
GRANDMASTERS,GR,NA1_4581507336,1
GRANDMASTERS,GR,NA1_4581474320,1
GRANDMASTERS,GR,NA1_4581453182,0
GRANDMASTERS,GR,NA1_4581412193,1
GRANDMASTERS,GR,NA1_4581384290,0
GRANDMASTERS,GR,NA1_4581344552,0
GRANDMASTERS,GR,NA1_4581306145,1
GRANDMASTERS,GR,NA1_4581255984,1
GRANDMASTERS,GR,NA1_4580661243,1
GRANDMASTERS,GR,NA1_4586707996,1
GRANDMASTERS,GR,NA1_4586668521,0
GRANDMASTERS,GR,NA1_4585601713,0
GRANDMASTERS,GR,NA1_4585549721,1
GRANDMASTERS,GR,NA1_4585520928,1
GRANDMASTERS,GR,NA1_4585486231,1
GRANDMASTERS,GR,NA1_4585455611,1
GRANDMASTERS,GR,NA1_4582987637,1
GRANDMASTERS,GR,NA1_4582972159,0
GRANDMASTERS,GR,NA1_4582935664,1
GRANDMASTERS,GR,NA1_4582910943,1
GRANDMASTERS,GR,NA1_4582495882,0
GRANDMASTERS,GR,NA1_4582304892,1
GRANDMASTERS,GR,NA1_4582248492,1
GRANDMASTERS,GR,NA1_4581931937,1
GRANDMASTERS,GR,NA1_4581253356,0
GRANDMASTERS,GR,NA1_4581195636,1
GRANDMASTERS,GR,NA1_4581162800,0
GRANDMASTERS,GR,NA1_4581119980,1
GRANDMASTERS,GR,NA1_4581088240,1
GRANDMASTERS,GR,NA1_4580563409,1
GRANDMASTERS,GR,NA1_4580544016,1
GRANDMASTERS,GR,NA1_4580495566,1
GRANDMASTERS,GR,NA1_4580079139,0
GRANDMASTERS,GR,NA1_4580051946,0
GRANDMASTERS,GR,NA1_4580019135,1
GRANDMASTERS,GR,NA1_4579996019,1
GRANDMASTERS,GR,NA1_4579448632,1
GRANDMASTERS,GR,NA1_4579418222,0
GRANDMASTERS,GR,NA1_4579359067,1
GRANDMASTERS,GR,NA1_4579299557,0
GRANDMASTERS,GR,NA1_4579271924,0
GRANDMASTERS,GR,NA1_4579233277,1
GRANDMASTERS,GR,NA1_4576777388,0
GRANDMASTERS,GR,NA1_4576752377,0
GRANDMASTERS,GR,NA1_4575996483,1
GRANDMASTERS,GR,NA1_4575983898,1
GRANDMASTERS,GR,NA1_4575946603,0
GRANDMASTERS,GR,NA1_4575249411,1
GRANDMASTERS,GR,NA1_4575212121,1
GRANDMASTERS,GR,NA1_4575183962,0
GRANDMASTERS,GR,NA1_4575168154,1
GRANDMASTERS,GR,NA1_4575139119,1
GRANDMASTERS,GR,NA1_4575094639,0
GRANDMASTERS,GR,NA1_4575060589,0
GRANDMASTERS,GR,NA1_4574492087,1
GRANDMASTERS,GR,NA1_4574439760,0
GRANDMASTERS,GR,NA1_4574289630,0
GRANDMASTERS,GR,NA1_4574243565,0
GRANDMASTERS,GR,NA1_4574207944,0
GRANDMASTERS,GR,NA1_4590126363,1
GRANDMASTERS,GR,NA1_4590103424,0
GRANDMASTERS,GR,NA1_4589717116,0
GRANDMASTERS,GR,NA1_4588546275,0
GRANDMASTERS,GR,NA1_4588543337,1
GRANDMASTERS,GR,NA1_4588521595,1
GRANDMASTERS,GR,NA1_4588503825,1
GRANDMASTERS,GR,NA1_4588474904,1
GRANDMASTERS,GR,NA1_4588449147,0
GRANDMASTERS,GR,NA1_4588428748,0
GRANDMASTERS,GR,NA1_4588392043,0
GRANDMASTERS,GR,NA1_4588349322,1
GRANDMASTERS,GR,NA1_4588314036,1
GRANDMASTERS,GR,NA1_4588124832,0
GRANDMASTERS,GR,NA1_4588103325,1
GRANDMASTERS,GR,NA1_4586780886,0
GRANDMASTERS,GR,NA1_4586745885,0
GRANDMASTERS,GR,NA1_4586721705,0
GRANDMASTERS,GR,NA1_4586696657,1
GRANDMASTERS,GR,NA1_4586680004,0
GRANDMASTERS,GR,NA1_4585460457,1
GRANDMASTERS,GR,NA1_4585432442,1
GRANDMASTERS,GR,NA1_4585418779,1
GRANDMASTERS,GR,NA1_4585396894,1
GRANDMASTERS,GR,NA1_4584928491,0
GRANDMASTERS,GR,NA1_4584884701,0
GRANDMASTERS,GR,NA1_4584846732,1
GRANDMASTERS,GR,NA1_4584822986,0
GRANDMASTERS,GR,NA1_4583887516,0
GRANDMASTERS,GR,NA1_4583868918,1
GRANDMASTERS,GR,NA1_4583824443,0
GRANDMASTERS,GR,NA1_4583794137,1
GRANDMASTERS,GR,NA1_4583757252,0
GRANDMASTERS,GR,NA1_4583096595,1
GRANDMASTERS,GR,NA1_4583062354,1
GRANDMASTERS,GR,NA1_4583024455,0
GRANDMASTERS,GR,NA1_4582997433,0
GRANDMASTERS,GR,NA1_4582971329,1
GRANDMASTERS,GR,NA1_4582939800,0
GRANDMASTERS,GR,NA1_4582902878,1
GRANDMASTERS,GR,NA1_4582566116,1
GRANDMASTERS,GR,NA1_4582537367,1
GRANDMASTERS,GR,NA1_4582522927,1
GRANDMASTERS,GR,NA1_4582500444,1
GRANDMASTERS,GR,NA1_4582468612,0
GRANDMASTERS,GR,NA1_4582450782,1
GRANDMASTERS,GR,NA1_4582407940,0
GRANDMASTERS,GR,NA1_4582067571,1
GRANDMASTERS,GR,NA1_4582036216,1
GRANDMASTERS,GR,NA1_4582014233,1
GRANDMASTERS,GR,NA1_4590113586,0
GRANDMASTERS,GR,NA1_4590054174,0
GRANDMASTERS,GR,NA1_4589923147,0
GRANDMASTERS,GR,NA1_4589892069,0
GRANDMASTERS,GR,NA1_4589844547,0
GRANDMASTERS,GR,NA1_4589807650,1
GRANDMASTERS,GR,NA1_4589778768,0
GRANDMASTERS,GR,NA1_4589743820,0
GRANDMASTERS,GR,NA1_4589706654,1
GRANDMASTERS,GR,NA1_4589684475,0
GRANDMASTERS,GR,NA1_4589636243,0
GRANDMASTERS,GR,NA1_4589616550,1
GRANDMASTERS,GR,NA1_4589603182,1
GRANDMASTERS,GR,NA1_4589583424,0
GRANDMASTERS,GR,NA1_4589570248,0
GRANDMASTERS,GR,NA1_4588883514,1
GRANDMASTERS,GR,NA1_4588810922,0
GRANDMASTERS,GR,NA1_4588789163,1
GRANDMASTERS,GR,NA1_4588767246,1
GRANDMASTERS,GR,NA1_4588743304,1
GRANDMASTERS,GR,NA1_4588729310,0
GRANDMASTERS,GR,NA1_4587873610,0
GRANDMASTERS,GR,NA1_4587855394,1
GRANDMASTERS,GR,NA1_4587828121,0
GRANDMASTERS,GR,NA1_4587158997,0
GRANDMASTERS,GR,NA1_4587136957,0
GRANDMASTERS,GR,NA1_4587107101,0
GRANDMASTERS,GR,NA1_4586247187,1
GRANDMASTERS,GR,NA1_4586220118,1
GRANDMASTERS,GR,NA1_4586181582,0
GRANDMASTERS,GR,NA1_4586158446,0
GRANDMASTERS,GR,NA1_4586120103,0
GRANDMASTERS,GR,NA1_4586094256,1
GRANDMASTERS,GR,NA1_4586075430,0
GRANDMASTERS,GR,NA1_4586065257,1
GRANDMASTERS,GR,NA1_4586046359,1
GRANDMASTERS,GR,NA1_4586035829,0
GRANDMASTERS,GR,NA1_4586019945,1
GRANDMASTERS,GR,NA1_4585988595,1
GRANDMASTERS,GR,NA1_4585974544,0
GRANDMASTERS,GR,NA1_4585975779,0
GRANDMASTERS,GR,NA1_4585445950,0
GRANDMASTERS,GR,NA1_4585184571,1
GRANDMASTERS,GR,NA1_4585158729,1
GRANDMASTERS,GR,NA1_4585154630,1
GRANDMASTERS,GR,NA1_4584958346,1
GRANDMASTERS,GR,NA1_4584914460,1
GRANDMASTERS,GR,NA1_4584853681,0
GRANDMASTERS,GR,NA1_4584805824,1
GRANDMASTERS,GR,NA1_4584764801,1
GRANDMASTERS,GR,NA1_4590121469,0
GRANDMASTERS,GR,NA1_4590104204,0
GRANDMASTERS,GR,NA1_4590076194,1
GRANDMASTERS,GR,NA1_4590032640,1
GRANDMASTERS,GR,NA1_4590011262,0
GRANDMASTERS,GR,NA1_4589892406,1
GRANDMASTERS,GR,NA1_4589847656,1
GRANDMASTERS,GR,NA1_4589728918,0
GRANDMASTERS,GR,NA1_4589707001,1
GRANDMASTERS,GR,NA1_4589677418,0
GRANDMASTERS,GR,NA1_4589444774,0
GRANDMASTERS,GR,NA1_4589432072,0
GRANDMASTERS,GR,NA1_4589420629,1
GRANDMASTERS,GR,NA1_4589411409,0
GRANDMASTERS,GR,NA1_4589410235,1
GRANDMASTERS,GR,NA1_4589402946,0
GRANDMASTERS,GR,NA1_4589395743,0
GRANDMASTERS,GR,NA1_4589375081,1
GRANDMASTERS,GR,NA1_4589365846,0
GRANDMASTERS,GR,NA1_4588483770,0
GRANDMASTERS,GR,NA1_4588392051,1
GRANDMASTERS,GR,NA1_4588350128,0
GRANDMASTERS,GR,NA1_4584968211,1
GRANDMASTERS,GR,NA1_4584931272,0
GRANDMASTERS,GR,NA1_4584896306,0
GRANDMASTERS,GR,NA1_4584824172,0
GRANDMASTERS,GR,NA1_4584792231,1
GRANDMASTERS,GR,NA1_4584761115,0
GRANDMASTERS,GR,NA1_4584720793,1
GRANDMASTERS,GR,NA1_4584555484,1
GRANDMASTERS,GR,NA1_4584530638,0
GRANDMASTERS,GR,NA1_4584073676,0
GRANDMASTERS,GR,NA1_4579597749,1
GRANDMASTERS,GR,NA1_4579549287,0
GRANDMASTERS,GR,NA1_4579516957,1
GRANDMASTERS,GR,NA1_4579469588,1
GRANDMASTERS,GR,NA1_4579177579,0
GRANDMASTERS,GR,NA1_4579132525,0
GRANDMASTERS,GR,NA1_4579109959,1
GRANDMASTERS,GR,NA1_4578349318,0
GRANDMASTERS,GR,NA1_4578322565,1
GRANDMASTERS,GR,NA1_4578305274,1
GRANDMASTERS,GR,NA1_4577850438,1
GRANDMASTERS,GR,NA1_4571010987,1
GRANDMASTERS,GR,NA1_4570982410,0
GRANDMASTERS,GR,NA1_4570936563,1
GRANDMASTERS,GR,NA1_4570214171,1
GRANDMASTERS,GR,NA1_4570188667,0
GRANDMASTERS,GR,NA1_4570187750,1
GRANDMASTERS,GR,NA1_4570077371,0
GRANDMASTERS,GR,NA1_4588046942,1
GRANDMASTERS,GR,NA1_4587981914,0
GRANDMASTERS,GR,NA1_4587934218,0
GRANDMASTERS,GR,NA1_4587903157,1
GRANDMASTERS,GR,NA1_4587882227,0
GRANDMASTERS,GR,NA1_4587861909,1
GRANDMASTERS,GR,NA1_4587101624,0
GRANDMASTERS,GR,NA1_4587076270,0
GRANDMASTERS,GR,NA1_4587041713,0
GRANDMASTERS,GR,NA1_4586218173,0
GRANDMASTERS,GR,NA1_4586191422,1
GRANDMASTERS,GR,NA1_4586160724,1
GRANDMASTERS,GR,NA1_4586135298,1
GRANDMASTERS,GR,NA1_4586114960,1
GRANDMASTERS,GR,NA1_4586076560,0
GRANDMASTERS,GR,NA1_4586053577,0
GRANDMASTERS,GR,NA1_4586040403,1
GRANDMASTERS,GR,NA1_4585513919,0
GRANDMASTERS,GR,NA1_4585460269,0
GRANDMASTERS,GR,NA1_4585432807,0
GRANDMASTERS,GR,NA1_4585394280,1
GRANDMASTERS,GR,NA1_4585350510,1
GRANDMASTERS,GR,NA1_4585336084,1
GRANDMASTERS,GR,NA1_4585305489,0
GRANDMASTERS,GR,NA1_4585293179,0
GRANDMASTERS,GR,NA1_4585262852,1
GRANDMASTERS,GR,NA1_4585247794,1
GRANDMASTERS,GR,NA1_4585226367,1
GRANDMASTERS,GR,NA1_4583657318,0
GRANDMASTERS,GR,NA1_4583622697,0
GRANDMASTERS,GR,NA1_4583612245,1
GRANDMASTERS,GR,NA1_4583017267,1
GRANDMASTERS,GR,NA1_4582978241,1
GRANDMASTERS,GR,NA1_4582921431,0
GRANDMASTERS,GR,NA1_4582742039,1
GRANDMASTERS,GR,NA1_4582703861,0
GRANDMASTERS,GR,NA1_4582014777,1
GRANDMASTERS,GR,NA1_4581967267,0
GRANDMASTERS,GR,NA1_4581924543,1
GRANDMASTERS,GR,NA1_4581887619,0
GRANDMASTERS,GR,NA1_4581857126,1
GRANDMASTERS,GR,NA1_4581788329,0
GRANDMASTERS,GR,NA1_4581758656,1
GRANDMASTERS,GR,NA1_4581740254,0
GRANDMASTERS,GR,NA1_4581078185,0
GRANDMASTERS,GR,NA1_4581038226,1
GRANDMASTERS,GR,NA1_4581001104,1
GRANDMASTERS,GR,NA1_4580934633,1
GRANDMASTERS,GR,NA1_4580909883,1
GRANDMASTERS,GR,NA1_4580876121,0
GRANDMASTERS,GR,NA1_4586973351,0
GRANDMASTERS,GR,NA1_4586538249,0
GRANDMASTERS,GR,NA1_4586494211,0
GRANDMASTERS,GR,NA1_4586429769,0
GRANDMASTERS,GR,NA1_4585070664,1
GRANDMASTERS,GR,NA1_4585066065,0
GRANDMASTERS,GR,NA1_4584962082,1
GRANDMASTERS,GR,NA1_4582732079,1
GRANDMASTERS,GR,NA1_4582305672,0
GRANDMASTERS,GR,NA1_4582272341,1
GRANDMASTERS,GR,NA1_4582243050,0
GRANDMASTERS,GR,NA1_4582004169,1
GRANDMASTERS,GR,NA1_4581975883,1
GRANDMASTERS,GR,NA1_4581253356,0
GRANDMASTERS,GR,NA1_4581210658,0
GRANDMASTERS,GR,NA1_4580566801,0
GRANDMASTERS,GR,NA1_4580522032,1
GRANDMASTERS,GR,NA1_4577862351,1
GRANDMASTERS,GR,NA1_4577836791,0
GRANDMASTERS,GR,NA1_4577713590,0
GRANDMASTERS,GR,NA1_4577678706,1
GRANDMASTERS,GR,NA1_4577463524,1
GRANDMASTERS,GR,NA1_4577211058,1
GRANDMASTERS,GR,NA1_4576382696,1
GRANDMASTERS,GR,NA1_4576226090,0
GRANDMASTERS,GR,NA1_4576192047,0
GRANDMASTERS,GR,NA1_4576155360,1
GRANDMASTERS,GR,NA1_4576124078,1
GRANDMASTERS,GR,NA1_4576051611,1
GRANDMASTERS,GR,NA1_4575073589,0
GRANDMASTERS,GR,NA1_4574777277,0
GRANDMASTERS,GR,NA1_4574509413,1
GRANDMASTERS,GR,NA1_4574429010,0
GRANDMASTERS,GR,NA1_4574409249,0
GRANDMASTERS,GR,NA1_4574375884,0
GRANDMASTERS,GR,NA1_4574346744,1
GRANDMASTERS,GR,NA1_4574177648,0
GRANDMASTERS,GR,NA1_4573614088,0
GRANDMASTERS,GR,NA1_4573572676,1
GRANDMASTERS,GR,NA1_4573516370,0
GRANDMASTERS,GR,NA1_4573471995,1
GRANDMASTERS,GR,NA1_4572287403,0
GRANDMASTERS,GR,NA1_4570949352,0
GRANDMASTERS,GR,NA1_4570879291,0
GRANDMASTERS,GR,NA1_4567979610,1
GRANDMASTERS,GR,NA1_4567938540,0
GRANDMASTERS,GR,NA1_4567915058,0
GRANDMASTERS,GR,NA1_4567401713,1
GRANDMASTERS,GR,NA1_4567259939,0
GRANDMASTERS,GR,NA1_4567245270,0
GRANDMASTERS,GR,NA1_4590102844,1
GRANDMASTERS,GR,NA1_4590055032,1
GRANDMASTERS,GR,NA1_4589999210,0
GRANDMASTERS,GR,NA1_4589945202,1
GRANDMASTERS,GR,NA1_4589840709,0
GRANDMASTERS,GR,NA1_4589394460,1
GRANDMASTERS,GR,NA1_4589380108,1
GRANDMASTERS,GR,NA1_4589365846,0
GRANDMASTERS,GR,NA1_4589276484,1
GRANDMASTERS,GR,NA1_4588880803,0
GRANDMASTERS,GR,NA1_4588831478,1
GRANDMASTERS,GR,NA1_4588823749,0
GRANDMASTERS,GR,NA1_4588590566,1
GRANDMASTERS,GR,NA1_4588587775,1
GRANDMASTERS,GR,NA1_4587209995,0
GRANDMASTERS,GR,NA1_4586666306,0
GRANDMASTERS,GR,NA1_4586625377,1
GRANDMASTERS,GR,NA1_4586431058,1
GRANDMASTERS,GR,NA1_4586375465,1
GRANDMASTERS,GR,NA1_4586344522,1
GRANDMASTERS,GR,NA1_4586298824,0
GRANDMASTERS,GR,NA1_4586273927,1
GRANDMASTERS,GR,NA1_4585831888,0
GRANDMASTERS,GR,NA1_4585791292,0
GRANDMASTERS,GR,NA1_4585520311,0
GRANDMASTERS,GR,NA1_4585488114,0
GRANDMASTERS,GR,NA1_4585460089,1
GRANDMASTERS,GR,NA1_4585359790,0
GRANDMASTERS,GR,NA1_4585336505,0
GRANDMASTERS,GR,NA1_4585311583,1
GRANDMASTERS,GR,NA1_4585087788,1
GRANDMASTERS,GR,NA1_4585068033,0
GRANDMASTERS,GR,NA1_4585045361,0
GRANDMASTERS,GR,NA1_4585007324,1
GRANDMASTERS,GR,NA1_4584968547,0
GRANDMASTERS,GR,NA1_4584937615,1
GRANDMASTERS,GR,NA1_4584524695,0
GRANDMASTERS,GR,NA1_4584508320,1
GRANDMASTERS,GR,NA1_4584492769,0
GRANDMASTERS,GR,NA1_4584221498,1
GRANDMASTERS,GR,NA1_4584193000,0
GRANDMASTERS,GR,NA1_4584163508,0
GRANDMASTERS,GR,NA1_4584094362,1
GRANDMASTERS,GR,NA1_4584050978,1
GRANDMASTERS,GR,NA1_4584003194,1
GRANDMASTERS,GR,NA1_4583950731,1
GRANDMASTERS,GR,NA1_4583686985,0
GRANDMASTERS,GR,NA1_4583669942,0
GRANDMASTERS,GR,NA1_4583653001,1
GRANDMASTERS,GR,NA1_4583633718,0
GRANDMASTERS,GR,NA1_4589616550,1
GRANDMASTERS,GR,NA1_4589599113,1
GRANDMASTERS,GR,NA1_4588857917,0
GRANDMASTERS,GR,NA1_4588826800,0
GRANDMASTERS,GR,NA1_4587621326,0
GRANDMASTERS,GR,NA1_4585278099,1
GRANDMASTERS,GR,NA1_4585255149,1
GRANDMASTERS,GR,NA1_4584491708,1
GRANDMASTERS,GR,NA1_4584482910,0
GRANDMASTERS,GR,NA1_4584459791,0
GRANDMASTERS,GR,NA1_4584421438,0
GRANDMASTERS,GR,NA1_4583678177,1
GRANDMASTERS,GR,NA1_4583659111,1
GRANDMASTERS,GR,NA1_4583639096,0
GRANDMASTERS,GR,NA1_4583618224,1
GRANDMASTERS,GR,NA1_4583593138,1
GRANDMASTERS,GR,NA1_4582864024,1
GRANDMASTERS,GR,NA1_4582833205,1
GRANDMASTERS,GR,NA1_4582804565,0
GRANDMASTERS,GR,NA1_4582780422,1
GRANDMASTERS,GR,NA1_4579910768,0
GRANDMASTERS,GR,NA1_4579887329,1
GRANDMASTERS,GR,NA1_4579873755,1
GRANDMASTERS,GR,NA1_4579854892,1
GRANDMASTERS,GR,NA1_4579827647,0
GRANDMASTERS,GR,NA1_4579807608,0
GRANDMASTERS,GR,NA1_4579795035,0
GRANDMASTERS,GR,NA1_4579515543,1
GRANDMASTERS,GR,NA1_4579487177,1
GRANDMASTERS,GR,NA1_4579446484,1
GRANDMASTERS,GR,NA1_4579131837,0
GRANDMASTERS,GR,NA1_4579103967,0
GRANDMASTERS,GR,NA1_4579092789,0
GRANDMASTERS,GR,NA1_4579071164,0
GRANDMASTERS,GR,NA1_4579047261,0
GRANDMASTERS,GR,NA1_4578999671,1
GRANDMASTERS,GR,NA1_4578972714,0
GRANDMASTERS,GR,NA1_4578959048,1
GRANDMASTERS,GR,NA1_4578936647,1
GRANDMASTERS,GR,NA1_4578935871,1
GRANDMASTERS,GR,NA1_4578929831,0
GRANDMASTERS,GR,NA1_4578690517,0
GRANDMASTERS,GR,NA1_4578642907,1
GRANDMASTERS,GR,NA1_4578594696,1
GRANDMASTERS,GR,NA1_4578307069,1
GRANDMASTERS,GR,NA1_4578289954,1
GRANDMASTERS,GR,NA1_4578205442,1
GRANDMASTERS,GR,NA1_4578200849,1
GRANDMASTERS,GR,NA1_4578141558,0
GRANDMASTERS,GR,NA1_4578131571,1
GRANDMASTERS,GR,NA1_4588769756,0
GRANDMASTERS,GR,NA1_4587275328,0
GRANDMASTERS,GR,NA1_4587241708,0
GRANDMASTERS,GR,NA1_4587158997,0
GRANDMASTERS,GR,NA1_4586230181,1
GRANDMASTERS,GR,NA1_4586164122,1
GRANDMASTERS,GR,NA1_4585913533,1
GRANDMASTERS,GR,NA1_4585907748,0
GRANDMASTERS,GR,NA1_4585883144,1
GRANDMASTERS,GR,NA1_4585821417,1
GRANDMASTERS,GR,NA1_4585795782,0
GRANDMASTERS,GR,NA1_4585762035,0
GRANDMASTERS,GR,NA1_4585704693,1
GRANDMASTERS,GR,NA1_4584645925,0
GRANDMASTERS,GR,NA1_4584459842,1
GRANDMASTERS,GR,NA1_4583806088,0
GRANDMASTERS,GR,NA1_4583345728,1
GRANDMASTERS,GR,NA1_4582761699,1
GRANDMASTERS,GR,NA1_4582556933,1
GRANDMASTERS,GR,NA1_4582533053,1
GRANDMASTERS,GR,NA1_4582491917,1
GRANDMASTERS,GR,NA1_4582109585,1
GRANDMASTERS,GR,NA1_4581505563,1
GRANDMASTERS,GR,NA1_4581466004,1
GRANDMASTERS,GR,NA1_4580623339,1
GRANDMASTERS,GR,NA1_4580605109,0
GRANDMASTERS,GR,NA1_4579685712,0
GRANDMASTERS,GR,NA1_4579670018,1
GRANDMASTERS,GR,NA1_4579644633,0
GRANDMASTERS,GR,NA1_4579610235,1
GRANDMASTERS,GR,NA1_4579578456,0
GRANDMASTERS,GR,NA1_4579487635,1
GRANDMASTERS,GR,NA1_4578842944,0
GRANDMASTERS,GR,NA1_4578827106,0
GRANDMASTERS,GR,NA1_4578805784,1
GRANDMASTERS,GR,NA1_4578750233,1
GRANDMASTERS,GR,NA1_4578028210,0
GRANDMASTERS,GR,NA1_4577976522,0
GRANDMASTERS,GR,NA1_4577638501,1
GRANDMASTERS,GR,NA1_4577481051,0
GRANDMASTERS,GR,NA1_4576838818,0
GRANDMASTERS,GR,NA1_4576471566,1
GRANDMASTERS,GR,NA1_4576457005,1
GRANDMASTERS,GR,NA1_4576439064,0
GRANDMASTERS,GR,NA1_4576413737,0
GRANDMASTERS,GR,NA1_4576362537,1
GRANDMASTERS,GR,NA1_4576339152,0
GRANDMASTERS,GR,NA1_4576317067,1
GRANDMASTERS,GR,NA1_4576050105,0
GRANDMASTERS,GR,NA1_4576021174,1
GRANDMASTERS,GR,NA1_4589589138,0
GRANDMASTERS,GR,NA1_4589568041,0
GRANDMASTERS,GR,NA1_4589548254,0
GRANDMASTERS,GR,NA1_4589528110,1
GRANDMASTERS,GR,NA1_4588574776,0
GRANDMASTERS,GR,NA1_4588550775,1
GRANDMASTERS,GR,NA1_4587752612,1
GRANDMASTERS,GR,NA1_4587754920,0
GRANDMASTERS,GR,NA1_4585465090,1
GRANDMASTERS,GR,NA1_4585442820,0
GRANDMASTERS,GR,NA1_4585414816,0
GRANDMASTERS,GR,NA1_4584333648,0
GRANDMASTERS,GR,NA1_4584330903,0
GRANDMASTERS,GR,NA1_4584319216,0
GRANDMASTERS,GR,NA1_4584316983,0
GRANDMASTERS,GR,NA1_4584308188,0
GRANDMASTERS,GR,NA1_4584296572,1
GRANDMASTERS,GR,NA1_4584294074,1
GRANDMASTERS,GR,NA1_4581741131,1
GRANDMASTERS,GR,NA1_4581563228,0
GRANDMASTERS,GR,NA1_4581533082,0
GRANDMASTERS,GR,NA1_4581478146,0
GRANDMASTERS,GR,NA1_4581437829,1
GRANDMASTERS,GR,NA1_4581361084,0
GRANDMASTERS,GR,NA1_4581076012,1
GRANDMASTERS,GR,NA1_4580952350,1
GRANDMASTERS,GR,NA1_4580925013,0
GRANDMASTERS,GR,NA1_4580905578,0
GRANDMASTERS,GR,NA1_4580892811,1
GRANDMASTERS,GR,NA1_4580860529,0
GRANDMASTERS,GR,NA1_4580665183,0
GRANDMASTERS,GR,NA1_4580650165,0
GRANDMASTERS,GR,NA1_4580632614,0
GRANDMASTERS,GR,NA1_4580627164,1
GRANDMASTERS,GR,NA1_4580600654,0
GRANDMASTERS,GR,NA1_4580330292,1
GRANDMASTERS,GR,NA1_4580292558,1
GRANDMASTERS,GR,NA1_4580240967,1
GRANDMASTERS,GR,NA1_4580200355,1
GRANDMASTERS,GR,NA1_4580051865,0
GRANDMASTERS,GR,NA1_4580000527,1
GRANDMASTERS,GR,NA1_4579970704,1
GRANDMASTERS,GR,NA1_4579608429,1
GRANDMASTERS,GR,NA1_4579434649,0
GRANDMASTERS,GR,NA1_4579409079,0
GRANDMASTERS,GR,NA1_4579364083,1
GRANDMASTERS,GR,NA1_4579311206,0
GRANDMASTERS,GR,NA1_4579265829,1
GRANDMASTERS,GR,NA1_4578782599,1
GRANDMASTERS,GR,NA1_4578763606,1
GRANDMASTERS,GR,NA1_4590036047,0
GRANDMASTERS,GR,NA1_4589984703,1
GRANDMASTERS,GR,NA1_4589957054,0
GRANDMASTERS,GR,NA1_4588846634,0
GRANDMASTERS,GR,NA1_4588826355,1
GRANDMASTERS,GR,NA1_4588802604,0
GRANDMASTERS,GR,NA1_4588791394,0
GRANDMASTERS,GR,NA1_4588751460,0
GRANDMASTERS,GR,NA1_4588736137,0
GRANDMASTERS,GR,NA1_4588715534,0
GRANDMASTERS,GR,NA1_4588701704,0
GRANDMASTERS,GR,NA1_4588691633,0
GRANDMASTERS,GR,NA1_4588317962,0
GRANDMASTERS,GR,NA1_4588207295,1
GRANDMASTERS,GR,NA1_4588152404,0
GRANDMASTERS,GR,NA1_4588116381,1
GRANDMASTERS,GR,NA1_4588094043,0
GRANDMASTERS,GR,NA1_4588044647,1
GRANDMASTERS,GR,NA1_4586481488,1
GRANDMASTERS,GR,NA1_4586445272,0
GRANDMASTERS,GR,NA1_4586401313,0
GRANDMASTERS,GR,NA1_4586363618,0
GRANDMASTERS,GR,NA1_4586332752,1
GRANDMASTERS,GR,NA1_4586130210,0
GRANDMASTERS,GR,NA1_4586107918,0
GRANDMASTERS,GR,NA1_4586080721,1
GRANDMASTERS,GR,NA1_4586072789,1
GRANDMASTERS,GR,NA1_4585778442,1
GRANDMASTERS,GR,NA1_4585748814,0
GRANDMASTERS,GR,NA1_4585705220,1
GRANDMASTERS,GR,NA1_4585650616,0
GRANDMASTERS,GR,NA1_4585205827,0
GRANDMASTERS,GR,NA1_4585178304,0
GRANDMASTERS,GR,NA1_4584700571,1
GRANDMASTERS,GR,NA1_4584668531,1
GRANDMASTERS,GR,NA1_4584645425,0
GRANDMASTERS,GR,NA1_4584617371,1
GRANDMASTERS,GR,NA1_4584574501,1
GRANDMASTERS,GR,NA1_4584556943,0
GRANDMASTERS,GR,NA1_4584521621,1
GRANDMASTERS,GR,NA1_4583873051,1
GRANDMASTERS,GR,NA1_4583846996,0
GRANDMASTERS,GR,NA1_4583777837,1
GRANDMASTERS,GR,NA1_4583712414,1
GRANDMASTERS,GR,NA1_4583689437,1
GRANDMASTERS,GR,NA1_4583675107,0
GRANDMASTERS,GR,NA1_4583656459,0
GRANDMASTERS,GR,NA1_4583647875,1
GRANDMASTERS,GR,NA1_4583634934,1
GRANDMASTERS,GR,NA1_4582928454,1
GRANDMASTERS,GR,NA1_4590133573,1
GRANDMASTERS,GR,NA1_4590108163,1
GRANDMASTERS,GR,NA1_4590052701,1
GRANDMASTERS,GR,NA1_4590008768,1
GRANDMASTERS,GR,NA1_4589977141,0
GRANDMASTERS,GR,NA1_4589929084,0
GRANDMASTERS,GR,NA1_4589813092,0
GRANDMASTERS,GR,NA1_4589784016,0
GRANDMASTERS,GR,NA1_4589699941,1
GRANDMASTERS,GR,NA1_4589660182,1
GRANDMASTERS,GR,NA1_4589488013,1
GRANDMASTERS,GR,NA1_4589477336,0
GRANDMASTERS,GR,NA1_4589472814,1
GRANDMASTERS,GR,NA1_4589465929,0
GRANDMASTERS,GR,NA1_4589427797,1
GRANDMASTERS,GR,NA1_4589411409,0
GRANDMASTERS,GR,NA1_4589408174,0
GRANDMASTERS,GR,NA1_4589386490,1
GRANDMASTERS,GR,NA1_4589373194,0
GRANDMASTERS,GR,NA1_4588975888,0
GRANDMASTERS,GR,NA1_4588874233,0
GRANDMASTERS,GR,NA1_4588839189,1
GRANDMASTERS,GR,NA1_4588536761,0
GRANDMASTERS,GR,NA1_4588501036,0
GRANDMASTERS,GR,NA1_4588460400,0
GRANDMASTERS,GR,NA1_4588407013,1
GRANDMASTERS,GR,NA1_4588373409,0
GRANDMASTERS,GR,NA1_4588342111,1
GRANDMASTERS,GR,NA1_4588291529,1
GRANDMASTERS,GR,NA1_4588251546,0
GRANDMASTERS,GR,NA1_4588208740,0
GRANDMASTERS,GR,NA1_4588158616,1
GRANDMASTERS,GR,NA1_4588119093,1
GRANDMASTERS,GR,NA1_4588082910,0
GRANDMASTERS,GR,NA1_4588059000,1
GRANDMASTERS,GR,NA1_4587997435,1
GRANDMASTERS,GR,NA1_4587546764,0
GRANDMASTERS,GR,NA1_4587480933,1
GRANDMASTERS,GR,NA1_4587241708,0
GRANDMASTERS,GR,NA1_4587200837,1
GRANDMASTERS,GR,NA1_4587172010,0
GRANDMASTERS,GR,NA1_4587154038,1
GRANDMASTERS,GR,NA1_4587129839,0
GRANDMASTERS,GR,NA1_4587061877,1
GRANDMASTERS,GR,NA1_4587017490,0
GRANDMASTERS,GR,NA1_4587003904,1
GRANDMASTERS,GR,NA1_4586986764,1
GRANDMASTERS,GR,NA1_4586819423,0
GRANDMASTERS,GR,NA1_4586814043,0
GRANDMASTERS,GR,NA1_4586806210,1
GRANDMASTERS,GR,NA1_4590168935,1
GRANDMASTERS,GR,NA1_4589444348,0
GRANDMASTERS,GR,NA1_4589435704,0
GRANDMASTERS,GR,NA1_4588789163,1
GRANDMASTERS,GR,NA1_4588756310,0
GRANDMASTERS,GR,NA1_4588696917,1
GRANDMASTERS,GR,NA1_4588679529,1
GRANDMASTERS,GR,NA1_4588672974,0
GRANDMASTERS,GR,NA1_4588669032,1
GRANDMASTERS,GR,NA1_4588653634,1
GRANDMASTERS,GR,NA1_4588513206,1
GRANDMASTERS,GR,NA1_4588478214,0
GRANDMASTERS,GR,NA1_4588441135,1
GRANDMASTERS,GR,NA1_4587765588,0
GRANDMASTERS,GR,NA1_4587767789,0
GRANDMASTERS,GR,NA1_4587591381,1
GRANDMASTERS,GR,NA1_4587552104,1
GRANDMASTERS,GR,NA1_4587531153,1
GRANDMASTERS,GR,NA1_4587501612,1
GRANDMASTERS,GR,NA1_4587455512,0
GRANDMASTERS,GR,NA1_4587389901,0
GRANDMASTERS,GR,NA1_4586832616,1
GRANDMASTERS,GR,NA1_4586823280,1
GRANDMASTERS,GR,NA1_4586815460,1
GRANDMASTERS,GR,NA1_4586813079,1
GRANDMASTERS,GR,NA1_4586807000,0
GRANDMASTERS,GR,NA1_4586789602,1
GRANDMASTERS,GR,NA1_4586783915,1
GRANDMASTERS,GR,NA1_4586771973,0
GRANDMASTERS,GR,NA1_4586670678,0
GRANDMASTERS,GR,NA1_4586646423,0
GRANDMASTERS,GR,NA1_4586461748,0
GRANDMASTERS,GR,NA1_4586406641,1
GRANDMASTERS,GR,NA1_4585816641,1
GRANDMASTERS,GR,NA1_4585792611,0
GRANDMASTERS,GR,NA1_4585760436,0
GRANDMASTERS,GR,NA1_4585718687,1
GRANDMASTERS,GR,NA1_4585700103,1
GRANDMASTERS,GR,NA1_4585670543,1
GRANDMASTERS,GR,NA1_4585400436,1
GRANDMASTERS,GR,NA1_4585378487,1
GRANDMASTERS,GR,NA1_4585361488,0
GRANDMASTERS,GR,NA1_4585343832,1
GRANDMASTERS,GR,NA1_4585323561,1
GRANDMASTERS,GR,NA1_4585304328,1
GRANDMASTERS,GR,NA1_4585283028,0
GRANDMASTERS,GR,NA1_4585247155,1
GRANDMASTERS,GR,NA1_4585228969,1
GRANDMASTERS,GR,NA1_4585216956,1
GRANDMASTERS,GR,NA1_4584986941,1
GRANDMASTERS,GR,NA1_4585977713,0
GRANDMASTERS,GR,NA1_4585973105,0
GRANDMASTERS,GR,NA1_4585273852,1
GRANDMASTERS,GR,NA1_4585251346,0
GRANDMASTERS,GR,NA1_4585217506,1
GRANDMASTERS,GR,NA1_4585207395,0
GRANDMASTERS,GR,NA1_4585188257,0
GRANDMASTERS,GR,NA1_4585174270,0
GRANDMASTERS,GR,NA1_4578834869,1
GRANDMASTERS,GR,NA1_4578815406,0
GRANDMASTERS,GR,NA1_4578805096,1
GRANDMASTERS,GR,NA1_4577610173,1
GRANDMASTERS,GR,NA1_4577317059,1
GRANDMASTERS,GR,NA1_4577251427,1
GRANDMASTERS,GR,NA1_4577228498,0
GRANDMASTERS,GR,NA1_4575221374,0
GRANDMASTERS,GR,NA1_4574638490,0
GRANDMASTERS,GR,NA1_4574627579,0
GRANDMASTERS,GR,NA1_4574581036,0
GRANDMASTERS,GR,NA1_4574556801,0
GRANDMASTERS,GR,NA1_4574535864,1
GRANDMASTERS,GR,NA1_4574506265,1
GRANDMASTERS,GR,NA1_4573088970,1
GRANDMASTERS,GR,NA1_4573069196,1
GRANDMASTERS,GR,NA1_4572680572,1
GRANDMASTERS,GR,NA1_4572666187,0
GRANDMASTERS,GR,NA1_4572639117,1
GRANDMASTERS,GR,NA1_4572604339,1
GRANDMASTERS,GR,NA1_4572567805,1
GRANDMASTERS,GR,NA1_4572534065,1
GRANDMASTERS,GR,NA1_4571851784,0
GRANDMASTERS,GR,NA1_4571825549,1
GRANDMASTERS,GR,NA1_4571819088,1
GRANDMASTERS,GR,NA1_4571791253,1
GRANDMASTERS,GR,NA1_4571761304,0
GRANDMASTERS,GR,NA1_4571733440,1
GRANDMASTERS,GR,NA1_4571686610,0
GRANDMASTERS,GR,NA1_4571658421,1
GRANDMASTERS,GR,NA1_4571609362,0
GRANDMASTERS,GR,NA1_4571583363,1
GRANDMASTERS,GR,NA1_4571531326,0
GRANDMASTERS,GR,NA1_4571373358,0
GRANDMASTERS,GR,NA1_4571349362,1
GRANDMASTERS,GR,NA1_4571314637,0
GRANDMASTERS,GR,NA1_4571293889,1
GRANDMASTERS,GR,NA1_4571267188,1
GRANDMASTERS,GR,NA1_4571246675,0
GRANDMASTERS,GR,NA1_4571069834,0
GRANDMASTERS,GR,NA1_4571051526,1
GRANDMASTERS,GR,NA1_4571040561,0
GRANDMASTERS,GR,NA1_4590153260,1
GRANDMASTERS,GR,NA1_4590135257,0
GRANDMASTERS,GR,NA1_4590116326,1
GRANDMASTERS,GR,NA1_4590102844,1
GRANDMASTERS,GR,NA1_4589807650,1
GRANDMASTERS,GR,NA1_4589773554,1
GRANDMASTERS,GR,NA1_4589539839,0
GRANDMASTERS,GR,NA1_4589509419,1
GRANDMASTERS,GR,NA1_4589305029,1
GRANDMASTERS,GR,NA1_4589260698,0
GRANDMASTERS,GR,NA1_4589034190,0
GRANDMASTERS,GR,NA1_4588989485,1
GRANDMASTERS,GR,NA1_4588837300,1
GRANDMASTERS,GR,NA1_4588756816,1
GRANDMASTERS,GR,NA1_4588721244,1
GRANDMASTERS,GR,NA1_4588702369,0
GRANDMASTERS,GR,NA1_4588528933,1
GRANDMASTERS,GR,NA1_4588501549,1
GRANDMASTERS,GR,NA1_4588463190,1
GRANDMASTERS,GR,NA1_4588439509,1
GRANDMASTERS,GR,NA1_4588406069,1
GRANDMASTERS,GR,NA1_4588365497,0
GRANDMASTERS,GR,NA1_4588334807,1
GRANDMASTERS,GR,NA1_4588286378,0
GRANDMASTERS,GR,NA1_4588256585,1
GRANDMASTERS,GR,NA1_4588199253,1
GRANDMASTERS,GR,NA1_4588159435,0
GRANDMASTERS,GR,NA1_4588125177,1
GRANDMASTERS,GR,NA1_4588098815,0
GRANDMASTERS,GR,NA1_4587926231,1
GRANDMASTERS,GR,NA1_4587887272,1
GRANDMASTERS,GR,NA1_4587860646,0
GRANDMASTERS,GR,NA1_4587645181,1
GRANDMASTERS,GR,NA1_4587614452,0
GRANDMASTERS,GR,NA1_4587573944,0
GRANDMASTERS,GR,NA1_4587535731,1
GRANDMASTERS,GR,NA1_4587508187,1
GRANDMASTERS,GR,NA1_4587473640,1
GRANDMASTERS,GR,NA1_4587430565,1
GRANDMASTERS,GR,NA1_4587390892,1
GRANDMASTERS,GR,NA1_4587349795,0
GRANDMASTERS,GR,NA1_4587309014,1
GRANDMASTERS,GR,NA1_4587270204,0
GRANDMASTERS,GR,NA1_4587196571,1
GRANDMASTERS,GR,NA1_4587098474,1
GRANDMASTERS,GR,NA1_4586984720,0
GRANDMASTERS,GR,NA1_4586965150,1
GRANDMASTERS,GR,NA1_4586943413,0
GRANDMASTERS,GR,NA1_4586919064,0
GRANDMASTERS,GR,NA1_4586893558,0
GRANDMASTERS,GR,NA1_4589440195,0
GRANDMASTERS,GR,NA1_4589435185,0
GRANDMASTERS,GR,NA1_4589427797,1
GRANDMASTERS,GR,NA1_4589408536,0
GRANDMASTERS,GR,NA1_4589398581,1
GRANDMASTERS,GR,NA1_4589389892,1
GRANDMASTERS,GR,NA1_4589375143,0
GRANDMASTERS,GR,NA1_4589354310,0
GRANDMASTERS,GR,NA1_4589316044,1
GRANDMASTERS,GR,NA1_4589285001,0
GRANDMASTERS,GR,NA1_4589245396,0
GRANDMASTERS,GR,NA1_4589206173,0
GRANDMASTERS,GR,NA1_4589147662,0
GRANDMASTERS,GR,NA1_4589089394,1
GRANDMASTERS,GR,NA1_4589056911,0
GRANDMASTERS,GR,NA1_4588987043,0
GRANDMASTERS,GR,NA1_4588662302,1
GRANDMASTERS,GR,NA1_4588662793,0
GRANDMASTERS,GR,NA1_4588653136,0
GRANDMASTERS,GR,NA1_4588629622,0
GRANDMASTERS,GR,NA1_4588637798,0
GRANDMASTERS,GR,NA1_4588620537,0
GRANDMASTERS,GR,NA1_4588618973,1
GRANDMASTERS,GR,NA1_4588612051,1
GRANDMASTERS,GR,NA1_4588586679,1
GRANDMASTERS,GR,NA1_4588567130,1
GRANDMASTERS,GR,NA1_4587746703,1
GRANDMASTERS,GR,NA1_4587733684,1
GRANDMASTERS,GR,NA1_4587728733,1
GRANDMASTERS,GR,NA1_4587719313,1
GRANDMASTERS,GR,NA1_4587710382,1
GRANDMASTERS,GR,NA1_4587699231,1
GRANDMASTERS,GR,NA1_4587687920,0
GRANDMASTERS,GR,NA1_4587660638,0
GRANDMASTERS,GR,NA1_4587644860,1
GRANDMASTERS,GR,NA1_4587588941,0
GRANDMASTERS,GR,NA1_4587547321,0
GRANDMASTERS,GR,NA1_4586789629,1
GRANDMASTERS,GR,NA1_4586783983,1
GRANDMASTERS,GR,NA1_4586761617,0
GRANDMASTERS,GR,NA1_4585922081,1
GRANDMASTERS,GR,NA1_4585903580,0
GRANDMASTERS,GR,NA1_4585896268,0
GRANDMASTERS,GR,NA1_4585532348,1
GRANDMASTERS,GR,NA1_4585498979,0
GRANDMASTERS,GR,NA1_4585450094,0
GRANDMASTERS,GR,NA1_4585416260,1
GRANDMASTERS,GR,NA1_4585384831,0
GRANDMASTERS,GR,NA1_4585350694,0
GRANDMASTERS,GR,NA1_4585327590,1
GRANDMASTERS,GR,NA1_4590143462,1
GRANDMASTERS,GR,NA1_4590130105,0
GRANDMASTERS,GR,NA1_4590104204,0
GRANDMASTERS,GR,NA1_4590080917,0
GRANDMASTERS,GR,NA1_4589853435,0
GRANDMASTERS,GR,NA1_4589816701,0
GRANDMASTERS,GR,NA1_4589791254,0
GRANDMASTERS,GR,NA1_4589619226,1
GRANDMASTERS,GR,NA1_4589599281,1
GRANDMASTERS,GR,NA1_4589574220,0
GRANDMASTERS,GR,NA1_4589553529,1
GRANDMASTERS,GR,NA1_4589264027,1
GRANDMASTERS,GR,NA1_4588388380,1
GRANDMASTERS,GR,NA1_4588248218,1
GRANDMASTERS,GR,NA1_4588167212,1
GRANDMASTERS,GR,NA1_4588105007,1
GRANDMASTERS,GR,NA1_4588082910,0
GRANDMASTERS,GR,NA1_4588046723,1
GRANDMASTERS,GR,NA1_4586131288,0
GRANDMASTERS,GR,NA1_4586100070,0
GRANDMASTERS,GR,NA1_4586054357,0
GRANDMASTERS,GR,NA1_4585770610,1
GRANDMASTERS,GR,NA1_4585730686,1
GRANDMASTERS,GR,NA1_4585317724,0
GRANDMASTERS,GR,NA1_4585316171,0
GRANDMASTERS,GR,NA1_4585297015,1
GRANDMASTERS,GR,NA1_4585185178,1
GRANDMASTERS,GR,NA1_4585159609,1
GRANDMASTERS,GR,NA1_4584938193,1
GRANDMASTERS,GR,NA1_4584888952,1
GRANDMASTERS,GR,NA1_4584860227,1
GRANDMASTERS,GR,NA1_4584815583,1
GRANDMASTERS,GR,NA1_4584485321,0
GRANDMASTERS,GR,NA1_4584451284,0
GRANDMASTERS,GR,NA1_4584111440,1
GRANDMASTERS,GR,NA1_4584002493,0
GRANDMASTERS,GR,NA1_4583962098,1
GRANDMASTERS,GR,NA1_4583728643,0
GRANDMASTERS,GR,NA1_4583708416,1
GRANDMASTERS,GR,NA1_4583685590,1
GRANDMASTERS,GR,NA1_4583674150,1
GRANDMASTERS,GR,NA1_4583391277,1
GRANDMASTERS,GR,NA1_4583351748,1
GRANDMASTERS,GR,NA1_4583274288,0
GRANDMASTERS,GR,NA1_4581424478,1
GRANDMASTERS,GR,NA1_4581375767,1
GRANDMASTERS,GR,NA1_4581331768,0
GRANDMASTERS,GR,NA1_4581300271,1
GRANDMASTERS,GR,NA1_4581269932,1
GRANDMASTERS,GR,NA1_4580063858,0
GRANDMASTERS,GR,NA1_4589802281,0
GRANDMASTERS,GR,NA1_4589734172,0
GRANDMASTERS,GR,NA1_4589708373,0
GRANDMASTERS,GR,NA1_4589684475,0
GRANDMASTERS,GR,NA1_4589659477,0
GRANDMASTERS,GR,NA1_4589627633,0
GRANDMASTERS,GR,NA1_4589616426,1
GRANDMASTERS,GR,NA1_4589605362,1
GRANDMASTERS,GR,NA1_4589587284,1
GRANDMASTERS,GR,NA1_4589562628,0
GRANDMASTERS,GR,NA1_4588880492,1
GRANDMASTERS,GR,NA1_4588874882,1
GRANDMASTERS,GR,NA1_4588849029,1
GRANDMASTERS,GR,NA1_4588818516,1
GRANDMASTERS,GR,NA1_4588800924,1
GRANDMASTERS,GR,NA1_4588779668,0
GRANDMASTERS,GR,NA1_4588768278,1
GRANDMASTERS,GR,NA1_4588755795,0
GRANDMASTERS,GR,NA1_4588415460,1
GRANDMASTERS,GR,NA1_4588367405,1
GRANDMASTERS,GR,NA1_4588323332,1
GRANDMASTERS,GR,NA1_4588282608,1
GRANDMASTERS,GR,NA1_4588262908,0
GRANDMASTERS,GR,NA1_4588224840,1
GRANDMASTERS,GR,NA1_4588119430,0
GRANDMASTERS,GR,NA1_4588094158,1
GRANDMASTERS,GR,NA1_4588038637,0
GRANDMASTERS,GR,NA1_4588013249,0
GRANDMASTERS,GR,NA1_4587992328,0
GRANDMASTERS,GR,NA1_4587960060,0
GRANDMASTERS,GR,NA1_4587926648,1
GRANDMASTERS,GR,NA1_4587611975,1
GRANDMASTERS,GR,NA1_4587570491,1
GRANDMASTERS,GR,NA1_4587538093,1
GRANDMASTERS,GR,NA1_4587494148,0
GRANDMASTERS,GR,NA1_4587457388,0
GRANDMASTERS,GR,NA1_4587400208,0
GRANDMASTERS,GR,NA1_4587200183,1
GRANDMASTERS,GR,NA1_4587175627,0
GRANDMASTERS,GR,NA1_4587166107,1
GRANDMASTERS,GR,NA1_4587120529,1
GRANDMASTERS,GR,NA1_4587079825,1
GRANDMASTERS,GR,NA1_4587056144,1
GRANDMASTERS,GR,NA1_4587026501,0
GRANDMASTERS,GR,NA1_4586012741,1
GRANDMASTERS,GR,NA1_4585798334,0
GRANDMASTERS,GR,NA1_4585765326,0
GRANDMASTERS,GR,NA1_4585713577,0
GRANDMASTERS,GR,NA1_4585688097,0
GRANDMASTERS,GR,NA1_4585615437,1
GRANDMASTERS,GR,NA1_4589667091,0
GRANDMASTERS,GR,NA1_4589180657,0
GRANDMASTERS,GR,NA1_4589126307,0
GRANDMASTERS,GR,NA1_4587017490,0
GRANDMASTERS,GR,NA1_4586690429,1
GRANDMASTERS,GR,NA1_4585880071,1
GRANDMASTERS,GR,NA1_4585853707,1
GRANDMASTERS,GR,NA1_4582847922,0
GRANDMASTERS,GR,NA1_4582821038,1
GRANDMASTERS,GR,NA1_4582589914,1
GRANDMASTERS,GR,NA1_4580449129,1
GRANDMASTERS,GR,NA1_4579159814,1
GRANDMASTERS,GR,NA1_4577797668,0
GRANDMASTERS,GR,NA1_4577751607,0
GRANDMASTERS,GR,NA1_4577585761,1
GRANDMASTERS,GR,NA1_4577557356,1
GRANDMASTERS,GR,NA1_4576317067,1
GRANDMASTERS,GR,NA1_4576286900,1
GRANDMASTERS,GR,NA1_4576241501,1
GRANDMASTERS,GR,NA1_4576201265,0
GRANDMASTERS,GR,NA1_4576157163,1
GRANDMASTERS,GR,NA1_4575852549,0
GRANDMASTERS,GR,NA1_4575830941,0
GRANDMASTERS,GR,NA1_4575799256,0
GRANDMASTERS,GR,NA1_4575784758,0
GRANDMASTERS,GR,NA1_4575439647,0
GRANDMASTERS,GR,NA1_4575406061,0
GRANDMASTERS,GR,NA1_4575344855,1
GRANDMASTERS,GR,NA1_4575249411,1
GRANDMASTERS,GR,NA1_4575212121,1
GRANDMASTERS,GR,NA1_4574800125,1
GRANDMASTERS,GR,NA1_4574779735,1
GRANDMASTERS,GR,NA1_4571493486,1
GRANDMASTERS,GR,NA1_4571474357,1
GRANDMASTERS,GR,NA1_4571441920,1
GRANDMASTERS,GR,NA1_4571266762,0
GRANDMASTERS,GR,NA1_4571237286,1
GRANDMASTERS,GR,NA1_4571212587,1
GRANDMASTERS,GR,NA1_4570761663,1
GRANDMASTERS,GR,NA1_4570726764,0
GRANDMASTERS,GR,NA1_4570113116,1
GRANDMASTERS,GR,NA1_4570026574,0
GRANDMASTERS,GR,NA1_4569991713,1
GRANDMASTERS,GR,NA1_4569964128,1
GRANDMASTERS,GR,NA1_4569047559,0
GRANDMASTERS,GR,NA1_4568115185,1
GRANDMASTERS,GR,NA1_4568094785,1
GRANDMASTERS,GR,NA1_4568066832,1
GRANDMASTERS,GR,NA1_4568034129,1
GRANDMASTERS,GR,NA1_4589312072,1
GRANDMASTERS,GR,NA1_4588993372,1
GRANDMASTERS,GR,NA1_4588966606,1
GRANDMASTERS,GR,NA1_4588936163,0
GRANDMASTERS,GR,NA1_4588423129,1
GRANDMASTERS,GR,NA1_4588382732,0
GRANDMASTERS,GR,NA1_4588320960,1
GRANDMASTERS,GR,NA1_4588266136,0
GRANDMASTERS,GR,NA1_4588235377,1
GRANDMASTERS,GR,NA1_4588191210,1
GRANDMASTERS,GR,NA1_4577420508,1
GRANDMASTERS,GR,NA1_4577413024,1
GRANDMASTERS,GR,NA1_4577387678,0
GRANDMASTERS,GR,NA1_4577389835,0
GRANDMASTERS,GR,NA1_4577376993,1
GRANDMASTERS,GR,NA1_4577265389,1
GRANDMASTERS,GR,NA1_4577181222,1
GRANDMASTERS,GR,NA1_4577165877,0
GRANDMASTERS,GR,NA1_4577131705,0
GRANDMASTERS,GR,NA1_4577121780,1
GRANDMASTERS,GR,NA1_4577083029,0
GRANDMASTERS,GR,NA1_4577064067,0
GRANDMASTERS,GR,NA1_4577036284,0
GRANDMASTERS,GR,NA1_4577004771,1
GRANDMASTERS,GR,NA1_4576965048,1
GRANDMASTERS,GR,NA1_4576928995,0
GRANDMASTERS,GR,NA1_4576708294,0
GRANDMASTERS,GR,NA1_4576671727,1
GRANDMASTERS,GR,NA1_4576651610,1
GRANDMASTERS,GR,NA1_4576638267,1
GRANDMASTERS,GR,NA1_4576506554,0
GRANDMASTERS,GR,NA1_4576502181,1
GRANDMASTERS,GR,NA1_4576495408,1
GRANDMASTERS,GR,NA1_4576486458,0
GRANDMASTERS,GR,NA1_4576474574,1
GRANDMASTERS,GR,NA1_4576466305,1
GRANDMASTERS,GR,NA1_4576443588,0
GRANDMASTERS,GR,NA1_4576427474,0
GRANDMASTERS,GR,NA1_4576405038,0
GRANDMASTERS,GR,NA1_4576362537,1
GRANDMASTERS,GR,NA1_4576315439,1
GRANDMASTERS,GR,NA1_4576223435,1
GRANDMASTERS,GR,NA1_4575700092,1
GRANDMASTERS,GR,NA1_4575669602,0
GRANDMASTERS,GR,NA1_4575661906,0
GRANDMASTERS,GR,NA1_4575649143,1
GRANDMASTERS,GR,NA1_4575227534,0
GRANDMASTERS,GR,NA1_4575182710,1
GRANDMASTERS,GR,NA1_4572297269,1
GRANDMASTERS,GR,NA1_4572259222,1
GRANDMASTERS,GR,NA1_4589816589,0
GRANDMASTERS,GR,NA1_4589791083,0
GRANDMASTERS,GR,NA1_4589749313,0
GRANDMASTERS,GR,NA1_4589716395,1
GRANDMASTERS,GR,NA1_4589701755,1
GRANDMASTERS,GR,NA1_4589683070,0
GRANDMASTERS,GR,NA1_4589660182,1
GRANDMASTERS,GR,NA1_4589630384,1
GRANDMASTERS,GR,NA1_4589515334,1
GRANDMASTERS,GR,NA1_4589505008,0
GRANDMASTERS,GR,NA1_4589494106,1
GRANDMASTERS,GR,NA1_4589484776,0
GRANDMASTERS,GR,NA1_4589471996,0
GRANDMASTERS,GR,NA1_4588987043,0
GRANDMASTERS,GR,NA1_4588930358,1
GRANDMASTERS,GR,NA1_4588889998,0
GRANDMASTERS,GR,NA1_4588863327,1
GRANDMASTERS,GR,NA1_4588842515,0
GRANDMASTERS,GR,NA1_4588822165,1
GRANDMASTERS,GR,NA1_4587943455,0
GRANDMASTERS,GR,NA1_4587926231,1
GRANDMASTERS,GR,NA1_4587344199,1
GRANDMASTERS,GR,NA1_4587190345,0
GRANDMASTERS,GR,NA1_4587158997,0
GRANDMASTERS,GR,NA1_4587081423,0
GRANDMASTERS,GR,NA1_4587052266,1
GRANDMASTERS,GR,NA1_4587030860,1
GRANDMASTERS,GR,NA1_4587001813,1
GRANDMASTERS,GR,NA1_4586964733,0
GRANDMASTERS,GR,NA1_4586447788,1
GRANDMASTERS,GR,NA1_4586410750,0
GRANDMASTERS,GR,NA1_4586357588,0
GRANDMASTERS,GR,NA1_4586230181,1
GRANDMASTERS,GR,NA1_4586197968,0
GRANDMASTERS,GR,NA1_4586172348,0
GRANDMASTERS,GR,NA1_4586159993,1
GRANDMASTERS,GR,NA1_4586018801,0
GRANDMASTERS,GR,NA1_4586005924,1
GRANDMASTERS,GR,NA1_4585991133,1
GRANDMASTERS,GR,NA1_4585962939,0
GRANDMASTERS,GR,NA1_4585938470,1
GRANDMASTERS,GR,NA1_4585595367,1
GRANDMASTERS,GR,NA1_4585568209,1
GRANDMASTERS,GR,NA1_4585332923,1
GRANDMASTERS,GR,NA1_4585312762,0
GRANDMASTERS,GR,NA1_4585213093,0
GRANDMASTERS,GR,NA1_4585201788,0
GRANDMASTERS,GR,NA1_4585184813,1
GRANDMASTERS,GR,NA1_4585178424,0
GRANDMASTERS,GR,NA1_4590151923,0
GRANDMASTERS,GR,NA1_4590123593,0
GRANDMASTERS,GR,NA1_4590101722,0
GRANDMASTERS,GR,NA1_4590082502,1
GRANDMASTERS,GR,NA1_4590056916,0
GRANDMASTERS,GR,NA1_4590005312,1
GRANDMASTERS,GR,NA1_4589957054,0
GRANDMASTERS,GR,NA1_4589921010,1
GRANDMASTERS,GR,NA1_4589883931,1
GRANDMASTERS,GR,NA1_4589841227,0
GRANDMASTERS,GR,NA1_4589821124,0
GRANDMASTERS,GR,NA1_4589357252,1
GRANDMASTERS,GR,NA1_4589330617,0
GRANDMASTERS,GR,NA1_4589321147,0
GRANDMASTERS,GR,NA1_4589291117,1
GRANDMASTERS,GR,NA1_4589261035,1
GRANDMASTERS,GR,NA1_4589231287,1
GRANDMASTERS,GR,NA1_4589206189,1
GRANDMASTERS,GR,NA1_4589163988,1
GRANDMASTERS,GR,NA1_4589136786,0
GRANDMASTERS,GR,NA1_4589101743,0
GRANDMASTERS,GR,NA1_4589062029,1
GRANDMASTERS,GR,NA1_4589010647,1
GRANDMASTERS,GR,NA1_4588565674,1
GRANDMASTERS,GR,NA1_4588546042,1
GRANDMASTERS,GR,NA1_4588524179,1
GRANDMASTERS,GR,NA1_4588489465,0
GRANDMASTERS,GR,NA1_4588465292,0
GRANDMASTERS,GR,NA1_4588437100,0
GRANDMASTERS,GR,NA1_4588389492,1
GRANDMASTERS,GR,NA1_4588349286,1
GRANDMASTERS,GR,NA1_4588328033,1
GRANDMASTERS,GR,NA1_4588282967,1
GRANDMASTERS,GR,NA1_4588242174,1
GRANDMASTERS,GR,NA1_4588218109,0
GRANDMASTERS,GR,NA1_4587622116,0
GRANDMASTERS,GR,NA1_4587592764,1
GRANDMASTERS,GR,NA1_4587552393,0
GRANDMASTERS,GR,NA1_4587516982,0
GRANDMASTERS,GR,NA1_4587473946,1
GRANDMASTERS,GR,NA1_4587416467,1
GRANDMASTERS,GR,NA1_4587379586,1
GRANDMASTERS,GR,NA1_4587333159,1
GRANDMASTERS,GR,NA1_4587305448,1
GRANDMASTERS,GR,NA1_4587275173,0
GRANDMASTERS,GR,NA1_4586721705,0
GRANDMASTERS,GR,NA1_4586701020,1
GRANDMASTERS,GR,NA1_4586669312,1
GRANDMASTERS,GR,NA1_4586646423,0
GRANDMASTERS,GR,NA1_4586603389,0
GRANDMASTERS,GR,NA1_4590108163,1
GRANDMASTERS,GR,NA1_4589541506,0
GRANDMASTERS,GR,NA1_4589130311,0
GRANDMASTERS,GR,NA1_4589089394,1
GRANDMASTERS,GR,NA1_4588759646,1
GRANDMASTERS,GR,NA1_4588747091,0
GRANDMASTERS,GR,NA1_4588475251,1
GRANDMASTERS,GR,NA1_4587920210,0
GRANDMASTERS,GR,NA1_4587558365,1
GRANDMASTERS,GR,NA1_4586984014,0
GRANDMASTERS,GR,NA1_4586634391,0
GRANDMASTERS,GR,NA1_4586580667,1
GRANDMASTERS,GR,NA1_4586068672,1
GRANDMASTERS,GR,NA1_4586053354,1
GRANDMASTERS,GR,NA1_4585873042,0
GRANDMASTERS,GR,NA1_4585600888,1
GRANDMASTERS,GR,NA1_4585505982,1
GRANDMASTERS,GR,NA1_4585465357,1
GRANDMASTERS,GR,NA1_4585424307,0
GRANDMASTERS,GR,NA1_4585412902,1
GRANDMASTERS,GR,NA1_4585097857,0
GRANDMASTERS,GR,NA1_4585084863,1
GRANDMASTERS,GR,NA1_4585061878,1
GRANDMASTERS,GR,NA1_4584946228,1
GRANDMASTERS,GR,NA1_4584745571,1
GRANDMASTERS,GR,NA1_4583622697,0
GRANDMASTERS,GR,NA1_4583608473,1
GRANDMASTERS,GR,NA1_4583379697,0
GRANDMASTERS,GR,NA1_4583178305,0
GRANDMASTERS,GR,NA1_4582741150,0
GRANDMASTERS,GR,NA1_4582719326,0
GRANDMASTERS,GR,NA1_4582704985,1
GRANDMASTERS,GR,NA1_4582132408,1
GRANDMASTERS,GR,NA1_4581808258,1
GRANDMASTERS,GR,NA1_4581760006,0
GRANDMASTERS,GR,NA1_4581731603,1
GRANDMASTERS,GR,NA1_4581417537,1
GRANDMASTERS,GR,NA1_4581369659,0
GRANDMASTERS,GR,NA1_4581034672,1
GRANDMASTERS,GR,NA1_4581034941,1
GRANDMASTERS,GR,NA1_4580811652,0
GRANDMASTERS,GR,NA1_4580795982,0
GRANDMASTERS,GR,NA1_4580772917,1
GRANDMASTERS,GR,NA1_4579838713,1
GRANDMASTERS,GR,NA1_4579820547,0
GRANDMASTERS,GR,NA1_4579509716,0
GRANDMASTERS,GR,NA1_4579470949,1
GRANDMASTERS,GR,NA1_4579438154,0
GRANDMASTERS,GR,NA1_4579397409,1
GRANDMASTERS,GR,NA1_4579003264,1
GRANDMASTERS,GR,NA1_4589732395,0
GRANDMASTERS,GR,NA1_4589706608,1
GRANDMASTERS,GR,NA1_4589681600,0
GRANDMASTERS,GR,NA1_4589332979,1
GRANDMASTERS,GR,NA1_4589300058,0
GRANDMASTERS,GR,NA1_4589264027,1
GRANDMASTERS,GR,NA1_4589211356,1
GRANDMASTERS,GR,NA1_4589199555,0
GRANDMASTERS,GR,NA1_4589163988,1
GRANDMASTERS,GR,NA1_4588445957,0
GRANDMASTERS,GR,NA1_4588406069,1
GRANDMASTERS,GR,NA1_4588301975,0
GRANDMASTERS,GR,NA1_4588273949,0
GRANDMASTERS,GR,NA1_4588242458,0
GRANDMASTERS,GR,NA1_4588218651,1
GRANDMASTERS,GR,NA1_4588205863,0
GRANDMASTERS,GR,NA1_4588165454,1
GRANDMASTERS,GR,NA1_4588142695,0
GRANDMASTERS,GR,NA1_4587491045,0
GRANDMASTERS,GR,NA1_4587446260,1
GRANDMASTERS,GR,NA1_4587415101,0
GRANDMASTERS,GR,NA1_4587390892,1
GRANDMASTERS,GR,NA1_4585679706,1
GRANDMASTERS,GR,NA1_4585106322,1
GRANDMASTERS,GR,NA1_4585089389,0
GRANDMASTERS,GR,NA1_4585066928,1
GRANDMASTERS,GR,NA1_4584759176,1
GRANDMASTERS,GR,NA1_4584605334,1
GRANDMASTERS,GR,NA1_4584582250,0
GRANDMASTERS,GR,NA1_4584560048,0
GRANDMASTERS,GR,NA1_4584524732,1
GRANDMASTERS,GR,NA1_4584505458,1
GRANDMASTERS,GR,NA1_4584278963,0
GRANDMASTERS,GR,NA1_4584264396,1
GRANDMASTERS,GR,NA1_4584241534,1
GRANDMASTERS,GR,NA1_4584224743,1
GRANDMASTERS,GR,NA1_4584168583,1
GRANDMASTERS,GR,NA1_4584137265,0
GRANDMASTERS,GR,NA1_4583727415,0
GRANDMASTERS,GR,NA1_4583703599,0
GRANDMASTERS,GR,NA1_4583685590,1
GRANDMASTERS,GR,NA1_4583195622,0
GRANDMASTERS,GR,NA1_4583163329,1
GRANDMASTERS,GR,NA1_4583122483,0
GRANDMASTERS,GR,NA1_4583054450,1
GRANDMASTERS,GR,NA1_4583019209,0
GRANDMASTERS,GR,NA1_4582567345,0
GRANDMASTERS,GR,NA1_4582470661,1
GRANDMASTERS,GR,NA1_4582429437,0
GRANDMASTERS,GR,NA1_4581581575,1
GRANDMASTERS,GR,NA1_4589264027,1
GRANDMASTERS,GR,NA1_4589227202,0
GRANDMASTERS,GR,NA1_4589192813,0
GRANDMASTERS,GR,NA1_4588438888,1
GRANDMASTERS,GR,NA1_4588393734,1
GRANDMASTERS,GR,NA1_4588355350,0
GRANDMASTERS,GR,NA1_4584594732,1
GRANDMASTERS,GR,NA1_4584567701,1
GRANDMASTERS,GR,NA1_4584524473,1
GRANDMASTERS,GR,NA1_4584496030,0
GRANDMASTERS,GR,NA1_4584466854,1
GRANDMASTERS,GR,NA1_4584444007,0
GRANDMASTERS,GR,NA1_4583299052,0
GRANDMASTERS,GR,NA1_4583210111,1
GRANDMASTERS,GR,NA1_4582954324,0
GRANDMASTERS,GR,NA1_4582913680,0
GRANDMASTERS,GR,NA1_4582885845,0
GRANDMASTERS,GR,NA1_4582847922,0
GRANDMASTERS,GR,NA1_4582338181,1
GRANDMASTERS,GR,NA1_4582284572,1
GRANDMASTERS,GR,NA1_4581795717,1
GRANDMASTERS,GR,NA1_4581776344,1
GRANDMASTERS,GR,NA1_4580956882,1
GRANDMASTERS,GR,NA1_4579405469,1
GRANDMASTERS,GR,NA1_4579366418,1
GRANDMASTERS,GR,NA1_4579336841,1
GRANDMASTERS,GR,NA1_4579118711,0
GRANDMASTERS,GR,NA1_4578447053,1
GRANDMASTERS,GR,NA1_4577706774,1
GRANDMASTERS,GR,NA1_4576914348,1
GRANDMASTERS,GR,NA1_4576875036,1
GRANDMASTERS,GR,NA1_4576242503,1
GRANDMASTERS,GR,NA1_4576206352,1
GRANDMASTERS,GR,NA1_4575952569,0
GRANDMASTERS,GR,NA1_4575924430,0
GRANDMASTERS,GR,NA1_4575896785,1
GRANDMASTERS,GR,NA1_4575573026,1
GRANDMASTERS,GR,NA1_4575546726,1
GRANDMASTERS,GR,NA1_4575522466,1
GRANDMASTERS,GR,NA1_4575502447,0
GRANDMASTERS,GR,NA1_4575473715,1
GRANDMASTERS,GR,NA1_4575439647,0
GRANDMASTERS,GR,NA1_4575144843,0
GRANDMASTERS,GR,NA1_4575096542,1
GRANDMASTERS,GR,NA1_4575059724,1
GRANDMASTERS,GR,NA1_4570788444,0
GRANDMASTERS,GR,NA1_4570755076,1
GRANDMASTERS,GR,NA1_4569606527,1
GRANDMASTERS,GR,NA1_4569568348,1
GRANDMASTERS,GR,NA1_4569543778,0
GRANDMASTERS,GR,NA1_4589668023,1
GRANDMASTERS,GR,NA1_4589637074,0
GRANDMASTERS,GR,NA1_4589617000,0
GRANDMASTERS,GR,NA1_4589585658,0
GRANDMASTERS,GR,NA1_4589273895,1
GRANDMASTERS,GR,NA1_4589244443,0
GRANDMASTERS,GR,NA1_4589206316,1
GRANDMASTERS,GR,NA1_4589174236,1
GRANDMASTERS,GR,NA1_4588902755,1
GRANDMASTERS,GR,NA1_4588868342,0
GRANDMASTERS,GR,NA1_4588856790,0
GRANDMASTERS,GR,NA1_4588825643,1
GRANDMASTERS,GR,NA1_4588805389,0
GRANDMASTERS,GR,NA1_4588787318,1
GRANDMASTERS,GR,NA1_4588775977,1
GRANDMASTERS,GR,NA1_4588749686,0
GRANDMASTERS,GR,NA1_4588738645,1
GRANDMASTERS,GR,NA1_4588728277,0
GRANDMASTERS,GR,NA1_4588599373,1
GRANDMASTERS,GR,NA1_4588585357,1
GRANDMASTERS,GR,NA1_4588553218,1
GRANDMASTERS,GR,NA1_4588099743,0
GRANDMASTERS,GR,NA1_4588072799,0
GRANDMASTERS,GR,NA1_4588038637,0
GRANDMASTERS,GR,NA1_4588020743,1
GRANDMASTERS,GR,NA1_4587994252,1
GRANDMASTERS,GR,NA1_4587957566,1
GRANDMASTERS,GR,NA1_4587929596,1
GRANDMASTERS,GR,NA1_4587425917,1
GRANDMASTERS,GR,NA1_4587145781,0
GRANDMASTERS,GR,NA1_4587115453,0
GRANDMASTERS,GR,NA1_4587096140,0
GRANDMASTERS,GR,NA1_4587061429,1
GRANDMASTERS,GR,NA1_4587043937,1
GRANDMASTERS,GR,NA1_4587009365,0
GRANDMASTERS,GR,NA1_4586636918,0
GRANDMASTERS,GR,NA1_4585359790,0
GRANDMASTERS,GR,NA1_4585324619,1
